2020-01-01,Original Registration,BEV (Battery Electric Vehicle),48
2020-01-01,Original Registration,HEV (Hybrid Electric Vehicle) - Level Unknown,25
2020-01-01,Original Registration,ICE (Internal Combustion Engine),1297
2020-01-01,Original Registration,Mild HEV (Hybrid Electric Vehicle),1
2020-01-01,Original Registration,PHEV (Plug-in Hybrid Electric Vehicle),10
2020-01-01,Original Registration,Strong HEV (Hybrid Electric Vehicle),28
2020-01-01,Registration at time of Transfer,BEV (Battery Electric Vehicle),7
2020-01-01,Registration at time of Transfer,HEV (Hybrid Electric Vehicle) - Level Unknown,18
2020-01-01,Registration at time of Transfer,ICE (Internal Combustion Engine),1976
2020-01-01,Registration at time of Transfer,PHEV (Plug-in Hybrid Electric Vehicle),4
2020-01-01,Registration at time of Transfer,Strong HEV (Hybrid Electric Vehicle),30
2020-01-01,Registration Renewal,BEV (Battery Electric Vehicle),64
2020-01-01,Registration Renewal,HEV (Hybrid Electric Vehicle) - Level Unknown,207
2020-01-01,Registration Renewal,ICE (Internal Combustion Engine),14214
2020-01-01,Registration Renewal,Mild HEV (Hybrid Electric Vehicle),8
2020-01-01,Registration Renewal,PHEV (Plug-in Hybrid Electric Vehicle),26
2020-01-01,Registration Renewal,Strong HEV (Hybrid Electric Vehicle),258
2020-02-01,Original Registration,BEV (Battery Electric Vehicle),16
2020-02-01,Original Registration,HEV (Hybrid Electric Vehicle) - Level Unknown,18
2020-02-01,Original Registration,ICE (Internal Combustion Engine),1137
2020-02-01,Original Registration,Mild HEV (Hybrid Electric Vehicle),2
2020-02-01,Original Registration,PHEV (Plug-in Hybrid Electric Vehicle),5
2020-02-01,Original Registration,Strong HEV (Hybrid Electric Vehicle),19
2020-02-01,Registration at time of Transfer,BEV (Battery Electric Vehicle),5
2020-02-01,Registration at time of Transfer,HEV (Hybrid Electric Vehicle) - Level Unknown,28
2020-02-01,Registration at time of Transfer,ICE (Internal Combustion Engine),2200
2020-02-01,Registration at time of Transfer,PHEV (Plug-in Hybrid Electric Vehicle),2
2020-02-01,Registration at time of Transfer,Strong HEV (Hybrid Electric Vehicle),31
2020-02-01,Registration Renewal,BEV (Battery Electric Vehicle),63
2020-02-01,Registration Renewal,HEV (Hybrid Electric Vehicle) - Level Unknown,143
2020-02-01,Registration Renewal,ICE (Internal Combustion Engine),12920
2020-02-01,Registration Renewal,Mild HEV (Hybrid Electric Vehicle),14
2020-02-01,Registration Renewal,PHEV (Plug-in Hybrid Electric Vehicle),29
2020-02-01,Registration Renewal,Strong HEV (Hybrid Electric Vehicle),240
2020-03-01,Original Registration,BEV (Battery Electric Vehicle),23
2020-03-01,Original Registration,HEV (Hybrid Electric Vehicle) - Level Unknown,21
2020-03-01,Original Registration,ICE (Internal Combustion Engine),1109
2020-03-01,Original Registration,Mild HEV (Hybrid Electric Vehicle),2
2020-03-01,Original Registration,PHEV (Plug-in Hybrid Electric Vehicle),5
2020-03-01,Original Registration,Strong HEV (Hybrid Electric Vehicle),20
2020-03-01,Registration at time of Transfer,BEV (Battery Electric Vehicle),5
2020-03-01,Registration at time of Transfer,HEV (Hybrid Electric Vehicle) - Level Unknown,28
2020-03-01,Registration at time of Transfer,ICE (Internal Combustion Engine),1983
2020-03-01,Registration at time of Transfer,Mild HEV (Hybrid Electric Vehicle),3
2020-03-01,Registration at time of Transfer,PHEV (Plug-in Hybrid Electric Vehicle),2
2020-03-01,Registration at time of Transfer,Strong HEV (Hybrid Electric Vehicle),40
2020-03-01,Registration Renewal,BEV (Battery Electric Vehicle),67
2020-03-01,Registration Renewal,HEV (Hybrid Electric Vehicle) - Level Unknown,205
2020-03-01,Registration Renewal,ICE (Internal Combustion Engine),13781
2020-03-01,Registration Renewal,Mild HEV (Hybrid Electric Vehicle),11
2020-03-01,Registration Renewal,PHEV (Plug-in Hybrid Electric Vehicle),36
2020-03-01,Registration Renewal,Strong HEV (Hybrid Electric Vehicle),282
2020-04-01,Original Registration,BEV (Battery Electric Vehicle),10
2020-04-01,Original Registration,HEV (Hybrid Electric Vehicle) - Level Unknown,6
2020-04-01,Original Registration,ICE (Internal Combustion Engine),432
2020-04-01,Original Registration,PHEV (Plug-in Hybrid Electric Vehicle),2
2020-04-01,Original Registration,Strong HEV (Hybrid Electric Vehicle),10
2020-04-01,Registration at time of Transfer,BEV (Battery Electric Vehicle),2
2020-04-01,Registration at time of Transfer,HEV (Hybrid Electric Vehicle) - Level Unknown,9
2020-04-01,Registration at time of Transfer,ICE (Internal Combustion Engine),1395
2020-04-01,Registration at time of Transfer,PHEV (Plug-in Hybrid Electric Vehicle),2
2020-04-01,Registration at time of Transfer,Strong HEV (Hybrid Electric Vehicle),9
2020-04-01,Registration Renewal,BEV (Battery Electric Vehicle),92
2020-04-01,Registration Renewal,HEV (Hybrid Electric Vehicle) - Level Unknown,160
2020-04-01,Registration Renewal,ICE (Internal Combustion Engine),13648
2020-04-01,Registration Renewal,Mild HEV (Hybrid Electric Vehicle),10
2020-04-01,Registration Renewal,PHEV (Plug-in Hybrid Electric Vehicle),33
2020-04-01,Registration Renewal,Strong HEV (Hybrid Electric Vehicle),230
2020-05-01,Original Registration,BEV (Battery Electric Vehicle),8
2020-05-01,Original Registration,HEV (Hybrid Electric Vehicle) - Level Unknown,7
2020-05-01,Original Registration,ICE (Internal Combustion Engine),713
2020-05-01,Original Registration,PHEV (Plug-in Hybrid Electric Vehicle),3
2020-05-01,Original Registration,Strong HEV (Hybrid Electric Vehicle),13
2020-05-01,Registration at time of Transfer,BEV (Battery Electric Vehicle),3
2020-05-01,Registration at time of Transfer,HEV (Hybrid Electric Vehicle) - Level Unknown,10
2020-05-01,Registration at time of Transfer,ICE (Internal Combustion Engine),2018
2020-05-01,Registration at time of Transfer,Mild HEV (Hybrid Electric Vehicle),2
2020-05-01,Registration at time of Transfer,PHEV (Plug-in Hybrid Electric Vehicle),4
2020-05-01,Registration at time of Transfer,Strong HEV (Hybrid Electric Vehicle),28
2020-05-01,Registration Renewal,BEV (Battery Electric Vehicle),78
2020-05-01,Registration Renewal,HEV (Hybrid Electric Vehicle) - Level Unknown,182
2020-05-01,Registration Renewal,ICE (Internal Combustion Engine),14255
2020-05-01,Registration Renewal,Mild HEV (Hybrid Electric Vehicle),9
2020-05-01,Registration Renewal,PHEV (Plug-in Hybrid Electric Vehicle),37
2020-05-01,Registration Renewal,Strong HEV (Hybrid Electric Vehicle),253
2020-06-01,Original Registration,BEV (Battery Electric Vehicle),10
2020-06-01,Original Registration,HEV (Hybrid Electric Vehicle) - Level Unknown,20
2020-06-01,Original Registration,ICE (Internal Combustion Engine),1197
2020-06-01,Original Registration,PHEV (Plug-in Hybrid Electric Vehicle),5
2020-06-01,Original Registration,Strong HEV (Hybrid Electric Vehicle),45
2020-06-01,Registration at time of Transfer,BEV (Battery Electric Vehicle),12
2020-06-01,Registration at time of Transfer,HEV (Hybrid Electric Vehicle) - Level Unknown,25
2020-06-01,Registration at time of Transfer,ICE (Internal Combustion Engine),2821
2020-06-01,Registration at time of Transfer,Mild HEV (Hybrid Electric Vehicle),1
2020-06-01,Registration at time of Transfer,PHEV (Plug-in Hybrid Electric Vehicle),1
2020-06-01,Registration at time of Transfer,Strong HEV (Hybrid Electric Vehicle),27
2020-06-01,Registration Renewal,BEV (Battery Electric Vehicle),46
2020-06-01,Registration Renewal,HEV (Hybrid Electric Vehicle) - Level Unknown,140
2020-06-01,Registration Renewal,ICE (Internal Combustion Engine),11918
2020-06-01,Registration Renewal,Mild HEV (Hybrid Electric Vehicle),9
2020-06-01,Registration Renewal,PHEV (Plug-in Hybrid Electric Vehicle),35
2020-06-01,Registration Renewal,Strong HEV (Hybrid Electric Vehicle),205
2020-07-01,Original Registration,BEV (Battery Electric Vehicle),36
2020-07-01,Original Registration,HEV (Hybrid Electric Vehicle) - Level Unknown,43
2020-07-01,Original Registration,ICE (Internal Combustion Engine),1163
2020-07-01,Original Registration,Mild HEV (Hybrid Electric Vehicle),1
2020-07-01,Original Registration,PHEV (Plug-in Hybrid Electric Vehicle),3
2020-07-01,Original Registration,Strong HEV (Hybrid Electric Vehicle),41
2020-07-01,Registration at time of Transfer,BEV (Battery Electric Vehicle),8
2020-07-01,Registration at time of Transfer,HEV (Hybrid Electric Vehicle) - Level Unknown,34
2020-07-01,Registration at time of Transfer,ICE (Internal Combustion Engine),2880
2020-07-01,Registration at time of Transfer,PHEV (Plug-in Hybrid Electric Vehicle),4
2020-07-01,Registration at time of Transfer,Strong HEV (Hybrid Electric Vehicle),43
2020-07-01,Registration Renewal,BEV (Battery Electric Vehicle),47
2020-07-01,Registration Renewal,HEV (Hybrid Electric Vehicle) - Level Unknown,152
2020-07-01,Registration Renewal,ICE (Internal Combustion Engine),11626
2020-07-01,Registration Renewal,Mild HEV (Hybrid Electric Vehicle),8
2020-07-01,Registration Renewal,PHEV (Plug-in Hybrid Electric Vehicle),25
2020-07-01,Registration Renewal,Strong HEV (Hybrid Electric Vehicle),221
2020-08-01,Original Registration,BEV (Battery Electric Vehicle),19
2020-08-01,Original Registration,HEV (Hybrid Electric Vehicle) - Level Unknown,37
2020-08-01,Original Registration,ICE (Internal Combustion Engine),1100
2020-08-01,Original Registration,Mild HEV (Hybrid Electric Vehicle),1
2020-08-01,Original Registration,PHEV (Plug-in Hybrid Electric Vehicle),9
2020-08-01,Original Registration,Strong HEV (Hybrid Electric Vehicle),30
2020-08-01,Registration at time of Transfer,BEV (Battery Electric Vehicle),11
2020-08-01,Registration at time of Transfer,HEV (Hybrid Electric Vehicle) - Level Unknown,30
2020-08-01,Registration at time of Transfer,ICE (Internal Combustion Engine),2735
2020-08-01,Registration at time of Transfer,PHEV (Plug-in Hybrid Electric Vehicle),4
2020-08-01,Registration at time of Transfer,Strong HEV (Hybrid Electric Vehicle),31
2020-08-01,Registration Renewal,BEV (Battery Electric Vehicle),100
2020-08-01,Registration Renewal,HEV (Hybrid Electric Vehicle) - Level Unknown,245
2020-08-01,Registration Renewal,ICE (Internal Combustion Engine),17391
2020-08-01,Registration Renewal,Mild HEV (Hybrid Electric Vehicle),15
2020-08-01,Registration Renewal,PHEV (Plug-in Hybrid Electric Vehicle),54
2020-08-01,Registration Renewal,Strong HEV (Hybrid Electric Vehicle),347
2020-09-01,Original Registration,BEV (Battery Electric Vehicle),22
2020-09-01,Original Registration,HEV (Hybrid Electric Vehicle) - Level Unknown,48
2020-09-01,Original Registration,ICE (Internal Combustion Engine),1359
2020-09-01,Original Registration,Mild HEV (Hybrid Electric Vehicle),1
2020-09-01,Original Registration,PHEV (Plug-in Hybrid Electric Vehicle),10
2020-09-01,Original Registration,Strong HEV (Hybrid Electric Vehicle),49
2020-09-01,Registration at time of Transfer,BEV (Battery Electric Vehicle),15
2020-09-01,Registration at time of Transfer,HEV (Hybrid Electric Vehicle) - Level Unknown,26
2020-09-01,Registration at time of Transfer,ICE (Internal Combustion Engine),2495
2020-09-01,Registration at time of Transfer,PHEV (Plug-in Hybrid Electric Vehicle),7
2020-09-01,Registration at time of Transfer,Strong HEV (Hybrid Electric Vehicle),49
2020-09-01,Registration Renewal,BEV (Battery Electric Vehicle),120
2020-09-01,Registration Renewal,HEV (Hybrid Electric Vehicle) - Level Unknown,202
2020-09-01,Registration Renewal,ICE (Internal Combustion Engine),15108
2020-09-01,Registration Renewal,Mild HEV (Hybrid Electric Vehicle),7
2020-09-01,Registration Renewal,PHEV (Plug-in Hybrid Electric Vehicle),40
2020-09-01,Registration Renewal,Strong HEV (Hybrid Electric Vehicle),300
2020-10-01,Original Registration,BEV (Battery Electric Vehicle),32
2020-10-01,Original Registration,HEV (Hybrid Electric Vehicle) - Level Unknown,32
2020-10-01,Original Registration,ICE (Internal Combustion Engine),1256
2020-10-01,Original Registration,Mild HEV (Hybrid Electric Vehicle),3
2020-10-01,Original Registration,PHEV (Plug-in Hybrid Electric Vehicle),9
2020-10-01,Original Registration,Strong HEV (Hybrid Electric Vehicle),40
2020-10-01,Registration at time of Transfer,BEV (Battery Electric Vehicle),11
2020-10-01,Registration at time of Transfer,HEV (Hybrid Electric Vehicle) - Level Unknown,21
2020-10-01,Registration at time of Transfer,ICE (Internal Combustion Engine),2557
2020-10-01,Registration at time of Transfer,Mild HEV (Hybrid Electric Vehicle),2
2020-10-01,Registration at time of Transfer,PHEV (Plug-in Hybrid Electric Vehicle),4
2020-10-01,Registration at time of Transfer,Strong HEV (Hybrid Electric Vehicle),41
2020-10-01,Registration Renewal,BEV (Battery Electric Vehicle),93
2020-10-01,Registration Renewal,HEV (Hybrid Electric Vehicle) - Level Unknown,183
2020-10-01,Registration Renewal,ICE (Internal Combustion Engine),14084
2020-10-01,Registration Renewal,Mild HEV (Hybrid Electric Vehicle),13
2020-10-01,Registration Renewal,PHEV (Plug-in Hybrid Electric Vehicle),34
2020-10-01,Registration Renewal,Strong HEV (Hybrid Electric Vehicle),274
2020-11-01,Original Registration,BEV (Battery Electric Vehicle),38
2020-11-01,Original Registration,HEV (Hybrid Electric Vehicle) - Level Unknown,33
2020-11-01,Original Registration,ICE (Internal Combustion Engine),996
2020-11-01,Original Registration,PHEV (Plug-in Hybrid Electric Vehicle),1
2020-11-01,Original Registration,Strong HEV (Hybrid Electric Vehicle),35
2020-11-01,Registration at time of Transfer,BEV (Battery Electric Vehicle),4
2020-11-01,Registration at time of Transfer,HEV (Hybrid Electric Vehicle) - Level Unknown,17
2020-11-01,Registration at time of Transfer,ICE (Internal Combustion Engine),1979
2020-11-01,Registration at time of Transfer,PHEV (Plug-in Hybrid Electric Vehicle),5
2020-11-01,Registration at time of Transfer,Strong HEV (Hybrid Electric Vehicle),31
2020-11-01,Registration Renewal,BEV (Battery Electric Vehicle),95
2020-11-01,Registration Renewal,HEV (Hybrid Electric Vehicle) - Level Unknown,178
2020-11-01,Registration Renewal,ICE (Internal Combustion Engine),12829
2020-11-01,Registration Renewal,Mild HEV (Hybrid Electric Vehicle),17
2020-11-01,Registration Renewal,PHEV (Plug-in Hybrid Electric Vehicle),38
2020-11-01,Registration Renewal,Strong HEV (Hybrid Electric Vehicle),283
2020-12-01,Original Registration,BEV (Battery Electric Vehicle),21
2020-12-01,Original Registration,HEV (Hybrid Electric Vehicle) - Level Unknown,40
2020-12-01,Original Registration,ICE (Internal Combustion Engine),1217
2020-12-01,Original Registration,Mild HEV (Hybrid Electric Vehicle),2
2020-12-01,Original Registration,PHEV (Plug-in Hybrid Electric Vehicle),13
2020-12-01,Original Registration,Strong HEV (Hybrid Electric Vehicle),30
2020-12-01,Registration at time of Transfer,BEV (Battery Electric Vehicle),13
2020-12-01,Registration at time of Transfer,HEV (Hybrid Electric Vehicle) - Level Unknown,14
2020-12-01,Registration at time of Transfer,ICE (Internal Combustion Engine),2081
2020-12-01,Registration at time of Transfer,PHEV (Plug-in Hybrid Electric Vehicle),6
2020-12-01,Registration at time of Transfer,Strong HEV (Hybrid Electric Vehicle),29
2020-12-01,Registration Renewal,BEV (Battery Electric Vehicle),91
2020-12-01,Registration Renewal,HEV (Hybrid Electric Vehicle) - Level Unknown,191
2020-12-01,Registration Renewal,ICE (Internal Combustion Engine),14133
2020-12-01,Registration Renewal,Mild HEV (Hybrid Electric Vehicle),10
2020-12-01,Registration Renewal,PHEV (Plug-in Hybrid Electric Vehicle),58
2020-12-01,Registration Renewal,Strong HEV (Hybrid Electric Vehicle),268
2021-01-01,Original Registration,BEV (Battery Electric Vehicle),35
2021-01-01,Original Registration,HEV (Hybrid Electric Vehicle) - Level Unknown,44
2021-01-01,Original Registration,ICE (Internal Combustion Engine),1104
2021-01-01,Original Registration,PHEV (Plug-in Hybrid Electric Vehicle),12
2021-01-01,Original Registration,Strong HEV (Hybrid Electric Vehicle),48
2021-01-01,Registration at time of Transfer,BEV (Battery Electric Vehicle),18
2021-01-01,Registration at time of Transfer,HEV (Hybrid Electric Vehicle) - Level Unknown,23
2021-01-01,Registration at time of Transfer,ICE (Internal Combustion Engine),2178
2021-01-01,Registration at time of Transfer,Mild HEV (Hybrid Electric Vehicle),2
2021-01-01,Registration at time of Transfer,PHEV (Plug-in Hybrid Electric Vehicle),3
2021-01-01,Registration at time of Transfer,Strong HEV (Hybrid Electric Vehicle),41
2021-01-01,Registration Renewal,BEV (Battery Electric Vehicle),74
2021-01-01,Registration Renewal,HEV (Hybrid Electric Vehicle) - Level Unknown,212
2021-01-01,Registration Renewal,ICE (Internal Combustion Engine),13229
2021-01-01,Registration Renewal,Mild HEV (Hybrid Electric Vehicle),9
2021-01-01,Registration Renewal,PHEV (Plug-in Hybrid Electric Vehicle),29
2021-01-01,Registration Renewal,Strong HEV (Hybrid Electric Vehicle),277
2021-02-01,Original Registration,BEV (Battery Electric Vehicle),30
2021-02-01,Original Registration,HEV (Hybrid Electric Vehicle) - Level Unknown,39
2021-02-01,Original Registration,ICE (Internal Combustion Engine),1001
2021-02-01,Original Registration,PHEV (Plug-in Hybrid Electric Vehicle),6
2021-02-01,Original Registration,Strong HEV (Hybrid Electric Vehicle),36
2021-02-01,Registration at time of Transfer,BEV (Battery Electric Vehicle),8
2021-02-01,Registration at time of Transfer,HEV (Hybrid Electric Vehicle) - Level Unknown,35
2021-02-01,Registration at time of Transfer,ICE (Internal Combustion Engine),2015
2021-02-01,Registration at time of Transfer,Mild HEV (Hybrid Electric Vehicle),1
2021-02-01,Registration at time of Transfer,PHEV (Plug-in Hybrid Electric Vehicle),7
2021-02-01,Registration at time of Transfer,Strong HEV (Hybrid Electric Vehicle),36
2021-02-01,Registration Renewal,BEV (Battery Electric Vehicle),76
2021-02-01,Registration Renewal,HEV (Hybrid Electric Vehicle) - Level Unknown,165
2021-02-01,Registration Renewal,ICE (Internal Combustion Engine),12100
2021-02-01,Registration Renewal,Mild HEV (Hybrid Electric Vehicle),14
2021-02-01,Registration Renewal,PHEV (Plug-in Hybrid Electric Vehicle),45
2021-02-01,Registration Renewal,Strong HEV (Hybrid Electric Vehicle),242
2021-03-01,Original Registration,BEV (Battery Electric Vehicle),22
2021-03-01,Original Registration,HEV (Hybrid Electric Vehicle) - Level Unknown,74
2021-03-01,Original Registration,ICE (Internal Combustion Engine),1426
2021-03-01,Original Registration,Mild HEV (Hybrid Electric Vehicle),1
2021-03-01,Original Registration,PHEV (Plug-in Hybrid Electric Vehicle),5
2021-03-01,Original Registration,Strong HEV (Hybrid Electric Vehicle),77
2021-03-01,Registration at time of Transfer,BEV (Battery Electric Vehicle),24
2021-03-01,Registration at time of Transfer,HEV (Hybrid Electric Vehicle) - Level Unknown,28
2021-03-01,Registration at time of Transfer,ICE (Internal Combustion Engine),2966
2021-03-01,Registration at time of Transfer,Mild HEV (Hybrid Electric Vehicle),2
2021-03-01,Registration at time of Transfer,PHEV (Plug-in Hybrid Electric Vehicle),8
2021-03-01,Registration at time of Transfer,Strong HEV (Hybrid Electric Vehicle),46
2021-03-01,Registration Renewal,BEV (Battery Electric Vehicle),82
2021-03-01,Registration Renewal,HEV (Hybrid Electric Vehicle) - Level Unknown,207
2021-03-01,Registration Renewal,ICE (Internal Combustion Engine),14970
2021-03-01,Registration Renewal,Mild HEV (Hybrid Electric Vehicle),10
2021-03-01,Registration Renewal,PHEV (Plug-in Hybrid Electric Vehicle),39
2021-03-01,Registration Renewal,Strong HEV (Hybrid Electric Vehicle),273
2021-04-01,Original Registration,BEV (Battery Electric Vehicle),51
2021-04-01,Original Registration,HEV (Hybrid Electric Vehicle) - Level Unknown,66
2021-04-01,Original Registration,ICE (Internal Combustion Engine),1314
2021-04-01,Original Registration,Mild HEV (Hybrid Electric Vehicle),2
2021-04-01,Original Registration,PHEV (Plug-in Hybrid Electric Vehicle),9
2021-04-01,Original Registration,Strong HEV (Hybrid Electric Vehicle),73
2021-04-01,Registration at time of Transfer,BEV (Battery Electric Vehicle),12
2021-04-01,Registration at time of Transfer,HEV (Hybrid Electric Vehicle) - Level Unknown,33
2021-04-01,Registration at time of Transfer,ICE (Internal Combustion Engine),2962
2021-04-01,Registration at time of Transfer,PHEV (Plug-in Hybrid Electric Vehicle),5
2021-04-01,Registration at time of Transfer,Strong HEV (Hybrid Electric Vehicle),46
2021-04-01,Registration Renewal,BEV (Battery Electric Vehicle),88
2021-04-01,Registration Renewal,HEV (Hybrid Electric Vehicle) - Level Unknown,177
2021-04-01,Registration Renewal,ICE (Internal Combustion Engine),14448
2021-04-01,Registration Renewal,Mild HEV (Hybrid Electric Vehicle),11
2021-04-01,Registration Renewal,PHEV (Plug-in Hybrid Electric Vehicle),36
2021-04-01,Registration Renewal,Strong HEV (Hybrid Electric Vehicle),257
2021-05-01,Original Registration,BEV (Battery Electric Vehicle),31
2021-05-01,Original Registration,HEV (Hybrid Electric Vehicle) - Level Unknown,57
2021-05-01,Original Registration,ICE (Internal Combustion Engine),1174
2021-05-01,Original Registration,PHEV (Plug-in Hybrid Electric Vehicle),11
2021-05-01,Original Registration,Strong HEV (Hybrid Electric Vehicle),48
2021-05-01,Registration at time of Transfer,BEV (Battery Electric Vehicle),14
2021-05-01,Registration at time of Transfer,HEV (Hybrid Electric Vehicle) - Level Unknown,32
2021-05-01,Registration at time of Transfer,ICE (Internal Combustion Engine),2483
2021-05-01,Registration at time of Transfer,Mild HEV (Hybrid Electric Vehicle),3
2021-05-01,Registration at time of Transfer,PHEV (Plug-in Hybrid Electric Vehicle),10
2021-05-01,Registration at time of Transfer,Strong HEV (Hybrid Electric Vehicle),41
2021-05-01,Registration Renewal,BEV (Battery Electric Vehicle),100
2021-05-01,Registration Renewal,HEV (Hybrid Electric Vehicle) - Level Unknown,188
2021-05-01,Registration Renewal,ICE (Internal Combustion Engine),13705
2021-05-01,Registration Renewal,Mild HEV (Hybrid Electric Vehicle),7
2021-05-01,Registration Renewal,PHEV (Plug-in Hybrid Electric Vehicle),42
2021-05-01,Registration Renewal,Strong HEV (Hybrid Electric Vehicle),293
2021-06-01,Original Registration,BEV (Battery Electric Vehicle),33
2021-06-01,Original Registration,HEV (Hybrid Electric Vehicle) - Level Unknown,65
2021-06-01,Original Registration,ICE (Internal Combustion Engine),1321
2021-06-01,Original Registration,Mild HEV (Hybrid Electric Vehicle),1
2021-06-01,Original Registration,PHEV (Plug-in Hybrid Electric Vehicle),14
2021-06-01,Original Registration,Strong HEV (Hybrid Electric Vehicle),31
2021-06-01,Registration at time of Transfer,BEV (Battery Electric Vehicle),24
2021-06-01,Registration at time of Transfer,HEV (Hybrid Electric Vehicle) - Level Unknown,33
2021-06-01,Registration at time of Transfer,ICE (Internal Combustion Engine),2454
2021-06-01,Registration at time of Transfer,Mild HEV (Hybrid Electric Vehicle),2
2021-06-01,Registration at time of Transfer,PHEV (Plug-in Hybrid Electric Vehicle),7
2021-06-01,Registration at time of Transfer,Strong HEV (Hybrid Electric Vehicle),40
2021-06-01,Registration Renewal,BEV (Battery Electric Vehicle),80
2021-06-01,Registration Renewal,HEV (Hybrid Electric Vehicle) - Level Unknown,199
2021-06-01,Registration Renewal,ICE (Internal Combustion Engine),14431
2021-06-01,Registration Renewal,Mild HEV (Hybrid Electric Vehicle),12
2021-06-01,Registration Renewal,PHEV (Plug-in Hybrid Electric Vehicle),39
2021-06-01,Registration Renewal,Strong HEV (Hybrid Electric Vehicle),292
2021-07-01,Original Registration,BEV (Battery Electric Vehicle),46
2021-07-01,Original Registration,HEV (Hybrid Electric Vehicle) - Level Unknown,47
2021-07-01,Original Registration,ICE (Internal Combustion Engine),1138
2021-07-01,Original Registration,Mild HEV (Hybrid Electric Vehicle),3
2021-07-01,Original Registration,PHEV (Plug-in Hybrid Electric Vehicle),14
2021-07-01,Original Registration,Strong HEV (Hybrid Electric Vehicle),45
2021-07-01,Registration at time of Transfer,BEV (Battery Electric Vehicle),8
2021-07-01,Registration at time of Transfer,HEV (Hybrid Electric Vehicle) - Level Unknown,33
2021-07-01,Registration at time of Transfer,ICE (Internal Combustion Engine),2337
2021-07-01,Registration at time of Transfer,Mild HEV (Hybrid Electric Vehicle),3
2021-07-01,Registration at time of Transfer,PHEV (Plug-in Hybrid Electric Vehicle),5
2021-07-01,Registration at time of Transfer,Strong HEV (Hybrid Electric Vehicle),28
2021-07-01,Registration Renewal,BEV (Battery Electric Vehicle),97
2021-07-01,Registration Renewal,HEV (Hybrid Electric Vehicle) - Level Unknown,241
2021-07-01,Registration Renewal,ICE (Internal Combustion Engine),15037
2021-07-01,Registration Renewal,Mild HEV (Hybrid Electric Vehicle),9
2021-07-01,Registration Renewal,PHEV (Plug-in Hybrid Electric Vehicle),43
2021-07-01,Registration Renewal,Strong HEV (Hybrid Electric Vehicle),306
2021-08-01,Original Registration,BEV (Battery Electric Vehicle),46
2021-08-01,Original Registration,HEV (Hybrid Electric Vehicle) - Level Unknown,75
2021-08-01,Original Registration,ICE (Internal Combustion Engine),1139
2021-08-01,Original Registration,Mild HEV (Hybrid Electric Vehicle),2
2021-08-01,Original Registration,PHEV (Plug-in Hybrid Electric Vehicle),12
2021-08-01,Original Registration,Strong HEV (Hybrid Electric Vehicle),31
2021-08-01,Registration at time of Transfer,BEV (Battery Electric Vehicle),11
2021-08-01,Registration at time of Transfer,HEV (Hybrid Electric Vehicle) - Level Unknown,26
2021-08-01,Registration at time of Transfer,ICE (Internal Combustion Engine),2472
2021-08-01,Registration at time of Transfer,Mild HEV (Hybrid Electric Vehicle),2
2021-08-01,Registration at time of Transfer,PHEV (Plug-in Hybrid Electric Vehicle),5
2021-08-01,Registration at time of Transfer,Strong HEV (Hybrid Electric Vehicle),39
2021-08-01,Registration Renewal,BEV (Battery Electric Vehicle),135
2021-08-01,Registration Renewal,HEV (Hybrid Electric Vehicle) - Level Unknown,212
2021-08-01,Registration Renewal,ICE (Internal Combustion Engine),14723
2021-08-01,Registration Renewal,Mild HEV (Hybrid Electric Vehicle),12
2021-08-01,Registration Renewal,PHEV (Plug-in Hybrid Electric Vehicle),50
2021-08-01,Registration Renewal,Strong HEV (Hybrid Electric Vehicle),325
2021-09-01,Original Registration,BEV (Battery Electric Vehicle),34
2021-09-01,Original Registration,HEV (Hybrid Electric Vehicle) - Level Unknown,48
2021-09-01,Original Registration,ICE (Internal Combustion Engine),1083
2021-09-01,Original Registration,Mild HEV (Hybrid Electric Vehicle),1
2021-09-01,Original Registration,PHEV (Plug-in Hybrid Electric Vehicle),14
2021-09-01,Original Registration,Strong HEV (Hybrid Electric Vehicle),42
2021-09-01,Registration at time of Transfer,BEV (Battery Electric Vehicle),9
2021-09-01,Registration at time of Transfer,HEV (Hybrid Electric Vehicle) - Level Unknown,37
2021-09-01,Registration at time of Transfer,ICE (Internal Combustion Engine),2384
2021-09-01,Registration at time of Transfer,Mild HEV (Hybrid Electric Vehicle),2
2021-09-01,Registration at time of Transfer,PHEV (Plug-in Hybrid Electric Vehicle),7
2021-09-01,Registration at time of Transfer,Strong HEV (Hybrid Electric Vehicle),29
2021-09-01,Registration Renewal,BEV (Battery Electric Vehicle),117
2021-09-01,Registration Renewal,HEV (Hybrid Electric Vehicle) - Level Unknown,208
2021-09-01,Registration Renewal,ICE (Internal Combustion Engine),12938
2021-09-01,Registration Renewal,Mild HEV (Hybrid Electric Vehicle),8
2021-09-01,Registration Renewal,PHEV (Plug-in Hybrid Electric Vehicle),49
2021-09-01,Registration Renewal,Strong HEV (Hybrid Electric Vehicle),274
2021-10-01,Original Registration,BEV (Battery Electric Vehicle),44
2021-10-01,Original Registration,HEV (Hybrid Electric Vehicle) - Level Unknown,58
2021-10-01,Original Registration,ICE (Internal Combustion Engine),923
2021-10-01,Original Registration,PHEV (Plug-in Hybrid Electric Vehicle),12
2021-10-01,Original Registration,Strong HEV (Hybrid Electric Vehicle),29
2021-10-01,Registration at time of Transfer,BEV (Battery Electric Vehicle),15
2021-10-01,Registration at time of Transfer,HEV (Hybrid Electric Vehicle) - Level Unknown,38
2021-10-01,Registration at time of Transfer,ICE (Internal Combustion Engine),2118
2021-10-01,Registration at time of Transfer,PHEV (Plug-in Hybrid Electric Vehicle),5
2021-10-01,Registration at time of Transfer,Strong HEV (Hybrid Electric Vehicle),28
2021-10-01,Registration Renewal,BEV (Battery Electric Vehicle),115
2021-10-01,Registration Renewal,HEV (Hybrid Electric Vehicle) - Level Unknown,198
2021-10-01,Registration Renewal,ICE (Internal Combustion Engine),13028
2021-10-01,Registration Renewal,Mild HEV (Hybrid Electric Vehicle),12
2021-10-01,Registration Renewal,PHEV (Plug-in Hybrid Electric Vehicle),40
2021-10-01,Registration Renewal,Strong HEV (Hybrid Electric Vehicle),307
2021-11-01,Original Registration,BEV (Battery Electric Vehicle),30
2021-11-01,Original Registration,HEV (Hybrid Electric Vehicle) - Level Unknown,54
2021-11-01,Original Registration,ICE (Internal Combustion Engine),809
2021-11-01,Original Registration,Mild HEV (Hybrid Electric Vehicle),1
2021-11-01,Original Registration,PHEV (Plug-in Hybrid Electric Vehicle),12
2021-11-01,Original Registration,Strong HEV (Hybrid Electric Vehicle),32
2021-11-01,Registration at time of Transfer,BEV (Battery Electric Vehicle),11
2021-11-01,Registration at time of Transfer,HEV (Hybrid Electric Vehicle) - Level Unknown,32
2021-11-01,Registration at time of Transfer,ICE (Internal Combustion Engine),1787
2021-11-01,Registration at time of Transfer,Mild HEV (Hybrid Electric Vehicle),2
2021-11-01,Registration at time of Transfer,PHEV (Plug-in Hybrid Electric Vehicle),9
2021-11-01,Registration at time of Transfer,Strong HEV (Hybrid Electric Vehicle),29
2021-11-01,Registration Renewal,BEV (Battery Electric Vehicle),90
2021-11-01,Registration Renewal,HEV (Hybrid Electric Vehicle) - Level Unknown,177
2021-11-01,Registration Renewal,ICE (Internal Combustion Engine),11106
2021-11-01,Registration Renewal,Mild HEV (Hybrid Electric Vehicle),13
2021-11-01,Registration Renewal,PHEV (Plug-in Hybrid Electric Vehicle),33
2021-11-01,Registration Renewal,Strong HEV (Hybrid Electric Vehicle),249
2021-12-01,Original Registration,BEV (Battery Electric Vehicle),41
2021-12-01,Original Registration,HEV (Hybrid Electric Vehicle) - Level Unknown,54
2021-12-01,Original Registration,ICE (Internal Combustion Engine),941
2021-12-01,Original Registration,Mild HEV (Hybrid Electric Vehicle),2
2021-12-01,Original Registration,PHEV (Plug-in Hybrid Electric Vehicle),14
2021-12-01,Original Registration,Strong HEV (Hybrid Electric Vehicle),24
2021-12-01,Registration at time of Transfer,BEV (Battery Electric Vehicle),10
2021-12-01,Registration at time of Transfer,HEV (Hybrid Electric Vehicle) - Level Unknown,15
2021-12-01,Registration at time of Transfer,ICE (Internal Combustion Engine),1892
2021-12-01,Registration at time of Transfer,Mild HEV (Hybrid Electric Vehicle),1
2021-12-01,Registration at time of Transfer,PHEV (Plug-in Hybrid Electric Vehicle),9
2021-12-01,Registration at time of Transfer,Strong HEV (Hybrid Electric Vehicle),28
2021-12-01,Registration Renewal,BEV (Battery Electric Vehicle),90
2021-12-01,Registration Renewal,HEV (Hybrid Electric Vehicle) - Level Unknown,164
2021-12-01,Registration Renewal,ICE (Internal Combustion Engine),11028
2021-12-01,Registration Renewal,Mild HEV (Hybrid Electric Vehicle),12
2021-12-01,Registration Renewal,PHEV (Plug-in Hybrid Electric Vehicle),38
2021-12-01,Registration Renewal,Strong HEV (Hybrid Electric Vehicle),232
2022-01-01,Original Registration,BEV (Battery Electric Vehicle),25
2022-01-01,Original Registration,HEV (Hybrid Electric Vehicle) - Level Unknown,64
2022-01-01,Original Registration,ICE (Internal Combustion Engine),915
2022-01-01,Original Registration,Mild HEV (Hybrid Electric Vehicle),2
2022-01-01,Original Registration,PHEV (Plug-in Hybrid Electric Vehicle),7
2022-01-01,Original Registration,Strong HEV (Hybrid Electric Vehicle),21
2022-01-01,Registration at time of Transfer,BEV (Battery Electric Vehicle),4
2022-01-01,Registration at time of Transfer,HEV (Hybrid Electric Vehicle) - Level Unknown,25
2022-01-01,Registration at time of Transfer,ICE (Internal Combustion Engine),1872
2022-01-01,Registration at time of Transfer,Mild HEV (Hybrid Electric Vehicle),2
2022-01-01,Registration at time of Transfer,PHEV (Plug-in Hybrid Electric Vehicle),4
2022-01-01,Registration at time of Transfer,Strong HEV (Hybrid Electric Vehicle),20
2022-01-01,Registration Renewal,BEV (Battery Electric Vehicle),107
2022-01-01,Registration Renewal,HEV (Hybrid Electric Vehicle) - Level Unknown,221
2022-01-01,Registration Renewal,ICE (Internal Combustion Engine),13276
2022-01-01,Registration Renewal,Mild HEV (Hybrid Electric Vehicle),11
2022-01-01,Registration Renewal,PHEV (Plug-in Hybrid Electric Vehicle),49
2022-01-01,Registration Renewal,Strong HEV (Hybrid Electric Vehicle),325
2022-02-01,Original Registration,BEV (Battery Electric Vehicle),25
2022-02-01,Original Registration,HEV (Hybrid Electric Vehicle) - Level Unknown,51
2022-02-01,Original Registration,ICE (Internal Combustion Engine),925
2022-02-01,Original Registration,Mild HEV (Hybrid Electric Vehicle),3
2022-02-01,Original Registration,PHEV (Plug-in Hybrid Electric Vehicle),6
2022-02-01,Original Registration,Strong HEV (Hybrid Electric Vehicle),24
2022-02-01,Registration at time of Transfer,BEV (Battery Electric Vehicle),12
2022-02-01,Registration at time of Transfer,HEV (Hybrid Electric Vehicle) - Level Unknown,20
2022-02-01,Registration at time of Transfer,ICE (Internal Combustion Engine),1970
2022-02-01,Registration at time of Transfer,Mild HEV (Hybrid Electric Vehicle),1
2022-02-01,Registration at time of Transfer,PHEV (Plug-in Hybrid Electric Vehicle),7
2022-02-01,Registration at time of Transfer,Strong HEV (Hybrid Electric Vehicle),35
2022-02-01,Registration Renewal,BEV (Battery Electric Vehicle),106
2022-02-01,Registration Renewal,HEV (Hybrid Electric Vehicle) - Level Unknown,213
2022-02-01,Registration Renewal,ICE (Internal Combustion Engine),12480
2022-02-01,Registration Renewal,Mild HEV (Hybrid Electric Vehicle),14
2022-02-01,Registration Renewal,PHEV (Plug-in Hybrid Electric Vehicle),46
2022-02-01,Registration Renewal,Strong HEV (Hybrid Electric Vehicle),302
2022-03-01,Original Registration,BEV (Battery Electric Vehicle),41
2022-03-01,Original Registration,HEV (Hybrid Electric Vehicle) - Level Unknown,77
2022-03-01,Original Registration,ICE (Internal Combustion Engine),1165
2022-03-01,Original Registration,Mild HEV (Hybrid Electric Vehicle),1
2022-03-01,Original Registration,PHEV (Plug-in Hybrid Electric Vehicle),16
2022-03-01,Original Registration,Strong HEV (Hybrid Electric Vehicle),29
2022-03-01,Registration at time of Transfer,BEV (Battery Electric Vehicle),23
2022-03-01,Registration at time of Transfer,HEV (Hybrid Electric Vehicle) - Level Unknown,42
2022-03-01,Registration at time of Transfer,ICE (Internal Combustion Engine),2434
2022-03-01,Registration at time of Transfer,Mild HEV (Hybrid Electric Vehicle),1
2022-03-01,Registration at time of Transfer,PHEV (Plug-in Hybrid Electric Vehicle),1
2022-03-01,Registration at time of Transfer,Strong HEV (Hybrid Electric Vehicle),31
2022-03-01,Registration Renewal,BEV (Battery Electric Vehicle),136
2022-03-01,Registration Renewal,HEV (Hybrid Electric Vehicle) - Level Unknown,276
2022-03-01,Registration Renewal,ICE (Internal Combustion Engine),15261
2022-03-01,Registration Renewal,Mild HEV (Hybrid Electric Vehicle),11
2022-03-01,Registration Renewal,PHEV (Plug-in Hybrid Electric Vehicle),57
2022-03-01,Registration Renewal,Strong HEV (Hybrid Electric Vehicle),353
2022-04-01,Original Registration,BEV (Battery Electric Vehicle),41
2022-04-01,Original Registration,HEV (Hybrid Electric Vehicle) - Level Unknown,57
2022-04-01,Original Registration,ICE (Internal Combustion Engine),1061
2022-04-01,Original Registration,PHEV (Plug-in Hybrid Electric Vehicle),15
2022-04-01,Original Registration,Strong HEV (Hybrid Electric Vehicle),40
2022-04-01,Registration at time of Transfer,BEV (Battery Electric Vehicle),8
2022-04-01,Registration at time of Transfer,HEV (Hybrid Electric Vehicle) - Level Unknown,34
2022-04-01,Registration at time of Transfer,ICE (Internal Combustion Engine),2150
2022-04-01,Registration at time of Transfer,Mild HEV (Hybrid Electric Vehicle),3
2022-04-01,Registration at time of Transfer,PHEV (Plug-in Hybrid Electric Vehicle),8
2022-04-01,Registration at time of Transfer,Strong HEV (Hybrid Electric Vehicle),28
2022-04-01,Registration Renewal,BEV (Battery Electric Vehicle),122
2022-04-01,Registration Renewal,HEV (Hybrid Electric Vehicle) - Level Unknown,245
2022-04-01,Registration Renewal,ICE (Internal Combustion Engine),14782
2022-04-01,Registration Renewal,Mild HEV (Hybrid Electric Vehicle),16
2022-04-01,Registration Renewal,PHEV (Plug-in Hybrid Electric Vehicle),53
2022-04-01,Registration Renewal,Strong HEV (Hybrid Electric Vehicle),283
2022-05-01,Original Registration,BEV (Battery Electric Vehicle),33
2022-05-01,Original Registration,HEV (Hybrid Electric Vehicle) - Level Unknown,66
2022-05-01,Original Registration,ICE (Internal Combustion Engine),1091
2022-05-01,Original Registration,Mild HEV (Hybrid Electric Vehicle),3
2022-05-01,Original Registration,PHEV (Plug-in Hybrid Electric Vehicle),12
2022-05-01,Original Registration,Strong HEV (Hybrid Electric Vehicle),25
2022-05-01,Registration at time of Transfer,BEV (Battery Electric Vehicle),14
2022-05-01,Registration at time of Transfer,HEV (Hybrid Electric Vehicle) - Level Unknown,23
2022-05-01,Registration at time of Transfer,ICE (Internal Combustion Engine),2163
2022-05-01,Registration at time of Transfer,Mild HEV (Hybrid Electric Vehicle),1
2022-05-01,Registration at time of Transfer,PHEV (Plug-in Hybrid Electric Vehicle),10
2022-05-01,Registration at time of Transfer,Strong HEV (Hybrid Electric Vehicle),38
2022-05-01,Registration Renewal,BEV (Battery Electric Vehicle),142
2022-05-01,Registration Renewal,HEV (Hybrid Electric Vehicle) - Level Unknown,218
2022-05-01,Registration Renewal,ICE (Internal Combustion Engine),14167
2022-05-01,Registration Renewal,Mild HEV (Hybrid Electric Vehicle),11
2022-05-01,Registration Renewal,PHEV (Plug-in Hybrid Electric Vehicle),54
2022-05-01,Registration Renewal,Strong HEV (Hybrid Electric Vehicle),324
2022-06-01,Original Registration,BEV (Battery Electric Vehicle),37
2022-06-01,Original Registration,HEV (Hybrid Electric Vehicle) - Level Unknown,64
2022-06-01,Original Registration,ICE (Internal Combustion Engine),1214
2022-06-01,Original Registration,PHEV (Plug-in Hybrid Electric Vehicle),8
2022-06-01,Original Registration,Strong HEV (Hybrid Electric Vehicle),37
2022-06-01,Registration at time of Transfer,BEV (Battery Electric Vehicle),11
2022-06-01,Registration at time of Transfer,HEV (Hybrid Electric Vehicle) - Level Unknown,34
2022-06-01,Registration at time of Transfer,ICE (Internal Combustion Engine),2285
2022-06-01,Registration at time of Transfer,PHEV (Plug-in Hybrid Electric Vehicle),9
2022-06-01,Registration at time of Transfer,Strong HEV (Hybrid Electric Vehicle),34
2022-06-01,Registration Renewal,BEV (Battery Electric Vehicle),111
2022-06-01,Registration Renewal,HEV (Hybrid Electric Vehicle) - Level Unknown,254
2022-06-01,Registration Renewal,ICE (Internal Combustion Engine),13978
2022-06-01,Registration Renewal,Mild HEV (Hybrid Electric Vehicle),14
2022-06-01,Registration Renewal,PHEV (Plug-in Hybrid Electric Vehicle),46
2022-06-01,Registration Renewal,Strong HEV (Hybrid Electric Vehicle),310
2022-07-01,Original Registration,BEV (Battery Electric Vehicle),48
2022-07-01,Original Registration,HEV (Hybrid Electric Vehicle) - Level Unknown,74
2022-07-01,Original Registration,ICE (Internal Combustion Engine),983
2022-07-01,Original Registration,Mild HEV (Hybrid Electric Vehicle),1
2022-07-01,Original Registration,PHEV (Plug-in Hybrid Electric Vehicle),14
2022-07-01,Original Registration,Strong HEV (Hybrid Electric Vehicle),20
2022-07-01,Registration at time of Transfer,BEV (Battery Electric Vehicle),15
2022-07-01,Registration at time of Transfer,HEV (Hybrid Electric Vehicle) - Level Unknown,26
2022-07-01,Registration at time of Transfer,ICE (Internal Combustion Engine),1999
2022-07-01,Registration at time of Transfer,PHEV (Plug-in Hybrid Electric Vehicle),8
2022-07-01,Registration at time of Transfer,Strong HEV (Hybrid Electric Vehicle),30
2022-07-01,Registration Renewal,BEV (Battery Electric Vehicle),137
2022-07-01,Registration Renewal,HEV (Hybrid Electric Vehicle) - Level Unknown,251
2022-07-01,Registration Renewal,ICE (Internal Combustion Engine),14356
2022-07-01,Registration Renewal,Mild HEV (Hybrid Electric Vehicle),15
2022-07-01,Registration Renewal,PHEV (Plug-in Hybrid Electric Vehicle),64
2022-07-01,Registration Renewal,Strong HEV (Hybrid Electric Vehicle),335
2022-08-01,Original Registration,BEV (Battery Electric Vehicle),55
2022-08-01,Original Registration,HEV (Hybrid Electric Vehicle) - Level Unknown,56
2022-08-01,Original Registration,ICE (Internal Combustion Engine),1193
2022-08-01,Original Registration,PHEV (Plug-in Hybrid Electric Vehicle),12
2022-08-01,Original Registration,Strong HEV (Hybrid Electric Vehicle),22
2022-08-01,Registration at time of Transfer,BEV (Battery Electric Vehicle),16
2022-08-01,Registration at time of Transfer,HEV (Hybrid Electric Vehicle) - Level Unknown,35
2022-08-01,Registration at time of Transfer,ICE (Internal Combustion Engine),2348
2022-08-01,Registration at time of Transfer,Mild HEV (Hybrid Electric Vehicle),1
2022-08-01,Registration at time of Transfer,PHEV (Plug-in Hybrid Electric Vehicle),4
2022-08-01,Registration at time of Transfer,Strong HEV (Hybrid Electric Vehicle),29
2022-08-01,Registration Renewal,BEV (Battery Electric Vehicle),146
2022-08-01,Registration Renewal,HEV (Hybrid Electric Vehicle) - Level Unknown,281
2022-08-01,Registration Renewal,ICE (Internal Combustion Engine),15794
2022-08-01,Registration Renewal,Mild HEV (Hybrid Electric Vehicle),14
2022-08-01,Registration Renewal,PHEV (Plug-in Hybrid Electric Vehicle),58
2022-08-01,Registration Renewal,Strong HEV (Hybrid Electric Vehicle),362
2022-09-01,Original Registration,BEV (Battery Electric Vehicle),42
2022-09-01,Original Registration,HEV (Hybrid Electric Vehicle) - Level Unknown,36
2022-09-01,Original Registration,ICE (Internal Combustion Engine),985
2022-09-01,Original Registration,PHEV (Plug-in Hybrid Electric Vehicle),11
2022-09-01,Original Registration,Strong HEV (Hybrid Electric Vehicle),21
2022-09-01,Registration at time of Transfer,BEV (Battery Electric Vehicle),15
2022-09-01,Registration at time of Transfer,HEV (Hybrid Electric Vehicle) - Level Unknown,24
2022-09-01,Registration at time of Transfer,ICE (Internal Combustion Engine),2315
2022-09-01,Registration at time of Transfer,Mild HEV (Hybrid Electric Vehicle),1
2022-09-01,Registration at time of Transfer,PHEV (Plug-in Hybrid Electric Vehicle),4
2022-09-01,Registration at time of Transfer,Strong HEV (Hybrid Electric Vehicle),31
2022-09-01,Registration Renewal,BEV (Battery Electric Vehicle),146
2022-09-01,Registration Renewal,HEV (Hybrid Electric Vehicle) - Level Unknown,222
2022-09-01,Registration Renewal,ICE (Internal Combustion Engine),11845
2022-09-01,Registration Renewal,Mild HEV (Hybrid Electric Vehicle),7
2022-09-01,Registration Renewal,PHEV (Plug-in Hybrid Electric Vehicle),47
2022-09-01,Registration Renewal,Strong HEV (Hybrid Electric Vehicle),258
2022-10-01,Original Registration,BEV (Battery Electric Vehicle),58
2022-10-01,Original Registration,HEV (Hybrid Electric Vehicle) - Level Unknown,65
2022-10-01,Original Registration,ICE (Internal Combustion Engine),985
2022-10-01,Original Registration,PHEV (Plug-in Hybrid Electric Vehicle),16
2022-10-01,Original Registration,Strong HEV (Hybrid Electric Vehicle),31
2022-10-01,Registration at time of Transfer,BEV (Battery Electric Vehicle),15
2022-10-01,Registration at time of Transfer,HEV (Hybrid Electric Vehicle) - Level Unknown,26
2022-10-01,Registration at time of Transfer,ICE (Internal Combustion Engine),2093
2022-10-01,Registration at time of Transfer,Mild HEV (Hybrid Electric Vehicle),1
2022-10-01,Registration at time of Transfer,PHEV (Plug-in Hybrid Electric Vehicle),9
2022-10-01,Registration at time of Transfer,Strong HEV (Hybrid Electric Vehicle),32
2022-10-01,Registration Renewal,BEV (Battery Electric Vehicle),148
2022-10-01,Registration Renewal,HEV (Hybrid Electric Vehicle) - Level Unknown,254
2022-10-01,Registration Renewal,ICE (Internal Combustion Engine),13520
2022-10-01,Registration Renewal,Mild HEV (Hybrid Electric Vehicle),12
2022-10-01,Registration Renewal,PHEV (Plug-in Hybrid Electric Vehicle),45
2022-10-01,Registration Renewal,Strong HEV (Hybrid Electric Vehicle),325
2022-11-01,Original Registration,BEV (Battery Electric Vehicle),62
2022-11-01,Original Registration,HEV (Hybrid Electric Vehicle) - Level Unknown,55
2022-11-01,Original Registration,ICE (Internal Combustion Engine),1022
2022-11-01,Original Registration,PHEV (Plug-in Hybrid Electric Vehicle),15
2022-11-01,Original Registration,Strong HEV (Hybrid Electric Vehicle),20
2022-11-01,Registration at time of Transfer,BEV (Battery Electric Vehicle),16
2022-11-01,Registration at time of Transfer,HEV (Hybrid Electric Vehicle) - Level Unknown,26
2022-11-01,Registration at time of Transfer,ICE (Internal Combustion Engine),1764
2022-11-01,Registration at time of Transfer,Mild HEV (Hybrid Electric Vehicle),2
2022-11-01,Registration at time of Transfer,PHEV (Plug-in Hybrid Electric Vehicle),7
2022-11-01,Registration at time of Transfer,Strong HEV (Hybrid Electric Vehicle),25
2022-11-01,Registration Renewal,BEV (Battery Electric Vehicle),122
2022-11-01,Registration Renewal,HEV (Hybrid Electric Vehicle) - Level Unknown,232
2022-11-01,Registration Renewal,ICE (Internal Combustion Engine),12099
2022-11-01,Registration Renewal,Mild HEV (Hybrid Electric Vehicle),22
2022-11-01,Registration Renewal,PHEV (Plug-in Hybrid Electric Vehicle),49
2022-11-01,Registration Renewal,Strong HEV (Hybrid Electric Vehicle),292
2022-12-01,Original Registration,BEV (Battery Electric Vehicle),70
2022-12-01,Original Registration,HEV (Hybrid Electric Vehicle) - Level Unknown,62
2022-12-01,Original Registration,ICE (Internal Combustion Engine),944
2022-12-01,Original Registration,Mild HEV (Hybrid Electric Vehicle),2
2022-12-01,Original Registration,PHEV (Plug-in Hybrid Electric Vehicle),12
2022-12-01,Original Registration,Strong HEV (Hybrid Electric Vehicle),14
2022-12-01,Registration at time of Transfer,BEV (Battery Electric Vehicle),17
2022-12-01,Registration at time of Transfer,HEV (Hybrid Electric Vehicle) - Level Unknown,30
2022-12-01,Registration at time of Transfer,ICE (Internal Combustion Engine),1644
2022-12-01,Registration at time of Transfer,Mild HEV (Hybrid Electric Vehicle),2
2022-12-01,Registration at time of Transfer,PHEV (Plug-in Hybrid Electric Vehicle),3
2022-12-01,Registration at time of Transfer,Strong HEV (Hybrid Electric Vehicle),37
2022-12-01,Registration Renewal,BEV (Battery Electric Vehicle),107
2022-12-01,Registration Renewal,HEV (Hybrid Electric Vehicle) - Level Unknown,228
2022-12-01,Registration Renewal,ICE (Internal Combustion Engine),11018
2022-12-01,Registration Renewal,Mild HEV (Hybrid Electric Vehicle),9
2022-12-01,Registration Renewal,PHEV (Plug-in Hybrid Electric Vehicle),58
2022-12-01,Registration Renewal,Strong HEV (Hybrid Electric Vehicle),241
2023-01-01,Original Registration,BEV (Battery Electric Vehicle),72
2023-01-01,Original Registration,HEV (Hybrid Electric Vehicle) - Level Unknown,77
2023-01-01,Original Registration,ICE (Internal Combustion Engine),972
2023-01-01,Original Registration,Mild HEV (Hybrid Electric Vehicle),2
2023-01-01,Original Registration,PHEV (Plug-in Hybrid Electric Vehicle),13
2023-01-01,Original Registration,Strong HEV (Hybrid Electric Vehicle),24
2023-01-01,Registration at time of Transfer,BEV (Battery Electric Vehicle),13
2023-01-01,Registration at time of Transfer,HEV (Hybrid Electric Vehicle) - Level Unknown,27
2023-01-01,Registration at time of Transfer,ICE (Internal Combustion Engine),1807
2023-01-01,Registration at time of Transfer,Mild HEV (Hybrid Electric Vehicle),1
2023-01-01,Registration at time of Transfer,PHEV (Plug-in Hybrid Electric Vehicle),4
2023-01-01,Registration at time of Transfer,Strong HEV (Hybrid Electric Vehicle),22
2023-01-01,Registration Renewal,BEV (Battery Electric Vehicle),139
2023-01-01,Registration Renewal,HEV (Hybrid Electric Vehicle) - Level Unknown,294
2023-01-01,Registration Renewal,ICE (Internal Combustion Engine),14435
2023-01-01,Registration Renewal,Mild HEV (Hybrid Electric Vehicle),10
2023-01-01,Registration Renewal,PHEV (Plug-in Hybrid Electric Vehicle),47
2023-01-01,Registration Renewal,Strong HEV (Hybrid Electric Vehicle),363
2023-02-01,Original Registration,BEV (Battery Electric Vehicle),67
2023-02-01,Original Registration,HEV (Hybrid Electric Vehicle) - Level Unknown,41
2023-02-01,Original Registration,ICE (Internal Combustion Engine),972
2023-02-01,Original Registration,Mild HEV (Hybrid Electric Vehicle),4
2023-02-01,Original Registration,PHEV (Plug-in Hybrid Electric Vehicle),10
2023-02-01,Original Registration,Strong HEV (Hybrid Electric Vehicle),24
2023-02-01,Registration at time of Transfer,BEV (Battery Electric Vehicle),18
2023-02-01,Registration at time of Transfer,HEV (Hybrid Electric Vehicle) - Level Unknown,30
2023-02-01,Registration at time of Transfer,ICE (Internal Combustion Engine),1734
2023-02-01,Registration at time of Transfer,Mild HEV (Hybrid Electric Vehicle),1
2023-02-01,Registration at time of Transfer,PHEV (Plug-in Hybrid Electric Vehicle),8
2023-02-01,Registration at time of Transfer,Strong HEV (Hybrid Electric Vehicle),18
2023-02-01,Registration Renewal,BEV (Battery Electric Vehicle),132
2023-02-01,Registration Renewal,HEV (Hybrid Electric Vehicle) - Level Unknown,235
2023-02-01,Registration Renewal,ICE (Internal Combustion Engine),12650
2023-02-01,Registration Renewal,Mild HEV (Hybrid Electric Vehicle),12
2023-02-01,Registration Renewal,PHEV (Plug-in Hybrid Electric Vehicle),67
2023-02-01,Registration Renewal,Strong HEV (Hybrid Electric Vehicle),301
2023-03-01,Original Registration,BEV (Battery Electric Vehicle),68
2023-03-01,Original Registration,HEV (Hybrid Electric Vehicle) - Level Unknown,67
2023-03-01,Original Registration,ICE (Internal Combustion Engine),1083
2023-03-01,Original Registration,Mild HEV (Hybrid Electric Vehicle),1
2023-03-01,Original Registration,PHEV (Plug-in Hybrid Electric Vehicle),15
2023-03-01,Original Registration,Strong HEV (Hybrid Electric Vehicle),25
2023-03-01,Registration at time of Transfer,BEV (Battery Electric Vehicle),22
2023-03-01,Registration at time of Transfer,HEV (Hybrid Electric Vehicle) - Level Unknown,31
2023-03-01,Registration at time of Transfer,ICE (Internal Combustion Engine),2276
2023-03-01,Registration at time of Transfer,Mild HEV (Hybrid Electric Vehicle),1
2023-03-01,Registration at time of Transfer,PHEV (Plug-in Hybrid Electric Vehicle),6
2023-03-01,Registration at time of Transfer,Strong HEV (Hybrid Electric Vehicle),32
2023-03-01,Registration Renewal,BEV (Battery Electric Vehicle),170
2023-03-01,Registration Renewal,HEV (Hybrid Electric Vehicle) - Level Unknown,323
2023-03-01,Registration Renewal,ICE (Internal Combustion Engine),14737
2023-03-01,Registration Renewal,Mild HEV (Hybrid Electric Vehicle),13
2023-03-01,Registration Renewal,PHEV (Plug-in Hybrid Electric Vehicle),56
2023-03-01,Registration Renewal,Strong HEV (Hybrid Electric Vehicle),383
2023-04-01,Original Registration,BEV (Battery Electric Vehicle),64
2023-04-01,Original Registration,HEV (Hybrid Electric Vehicle) - Level Unknown,42
2023-04-01,Original Registration,ICE (Internal Combustion Engine),1059
2023-04-01,Original Registration,Mild HEV (Hybrid Electric Vehicle),7
2023-04-01,Original Registration,PHEV (Plug-in Hybrid Electric Vehicle),11
2023-04-01,Original Registration,Strong HEV (Hybrid Electric Vehicle),55
2023-04-01,Registration at time of Transfer,BEV (Battery Electric Vehicle),19
2023-04-01,Registration at time of Transfer,HEV (Hybrid Electric Vehicle) - Level Unknown,26
2023-04-01,Registration at time of Transfer,ICE (Internal Combustion Engine),1899
2023-04-01,Registration at time of Transfer,Mild HEV (Hybrid Electric Vehicle),1
2023-04-01,Registration at time of Transfer,PHEV (Plug-in Hybrid Electric Vehicle),7
2023-04-01,Registration at time of Transfer,Strong HEV (Hybrid Electric Vehicle),29
2023-04-01,Registration Renewal,BEV (Battery Electric Vehicle),141
2023-04-01,Registration Renewal,HEV (Hybrid Electric Vehicle) - Level Unknown,271
2023-04-01,Registration Renewal,ICE (Internal Combustion Engine),13139
2023-04-01,Registration Renewal,Mild HEV (Hybrid Electric Vehicle),9
2023-04-01,Registration Renewal,PHEV (Plug-in Hybrid Electric Vehicle),71
2023-04-01,Registration Renewal,Strong HEV (Hybrid Electric Vehicle),278
2023-05-01,Original Registration,BEV (Battery Electric Vehicle),74
2023-05-01,Original Registration,HEV (Hybrid Electric Vehicle) - Level Unknown,52
2023-05-01,Original Registration,ICE (Internal Combustion Engine),1058
2023-05-01,Original Registration,Mild HEV (Hybrid Electric Vehicle),6
2023-05-01,Original Registration,PHEV (Plug-in Hybrid Electric Vehicle),19
2023-05-01,Original Registration,Strong HEV (Hybrid Electric Vehicle),33
2023-05-01,Registration at time of Transfer,BEV (Battery Electric Vehicle),18
2023-05-01,Registration at time of Transfer,HEV (Hybrid Electric Vehicle) - Level Unknown,39
2023-05-01,Registration at time of Transfer,ICE (Internal Combustion Engine),2067
2023-05-01,Registration at time of Transfer,Mild HEV (Hybrid Electric Vehicle),2
2023-05-01,Registration at time of Transfer,PHEV (Plug-in Hybrid Electric Vehicle),6
2023-05-01,Registration at time of Transfer,Strong HEV (Hybrid Electric Vehicle),28
2023-05-01,Registration Renewal,BEV (Battery Electric Vehicle),155
2023-05-01,Registration Renewal,HEV (Hybrid Electric Vehicle) - Level Unknown,266
2023-05-01,Registration Renewal,ICE (Internal Combustion Engine),13833
2023-05-01,Registration Renewal,Mild HEV (Hybrid Electric Vehicle),14
2023-05-01,Registration Renewal,PHEV (Plug-in Hybrid Electric Vehicle),60
2023-05-01,Registration Renewal,Strong HEV (Hybrid Electric Vehicle),319
2023-06-01,Original Registration,BEV (Battery Electric Vehicle),92
2023-06-01,Original Registration,HEV (Hybrid Electric Vehicle) - Level Unknown,43
2023-06-01,Original Registration,ICE (Internal Combustion Engine),1145
2023-06-01,Original Registration,Mild HEV (Hybrid Electric Vehicle),9
2023-06-01,Original Registration,PHEV (Plug-in Hybrid Electric Vehicle),14
2023-06-01,Original Registration,Strong HEV (Hybrid Electric Vehicle),28
2023-06-01,Registration at time of Transfer,BEV (Battery Electric Vehicle),30
2023-06-01,Registration at time of Transfer,HEV (Hybrid Electric Vehicle) - Level Unknown,45
2023-06-01,Registration at time of Transfer,ICE (Internal Combustion Engine),2115
2023-06-01,Registration at time of Transfer,Mild HEV (Hybrid Electric Vehicle),3
2023-06-01,Registration at time of Transfer,PHEV (Plug-in Hybrid Electric Vehicle),9
2023-06-01,Registration at time of Transfer,Strong HEV (Hybrid Electric Vehicle),38
2023-06-01,Registration Renewal,BEV (Battery Electric Vehicle),169
2023-06-01,Registration Renewal,HEV (Hybrid Electric Vehicle) - Level Unknown,280
2023-06-01,Registration Renewal,ICE (Internal Combustion Engine),13627
2023-06-01,Registration Renewal,Mild HEV (Hybrid Electric Vehicle),12
2023-06-01,Registration Renewal,PHEV (Plug-in Hybrid Electric Vehicle),70
2023-06-01,Registration Renewal,Strong HEV (Hybrid Electric Vehicle),315
2023-07-01,Original Registration,BEV (Battery Electric Vehicle),72
2023-07-01,Original Registration,HEV (Hybrid Electric Vehicle) - Level Unknown,78
2023-07-01,Original Registration,ICE (Internal Combustion Engine),1062
2023-07-01,Original Registration,Mild HEV (Hybrid Electric Vehicle),5
2023-07-01,Original Registration,PHEV (Plug-in Hybrid Electric Vehicle),26
2023-07-01,Original Registration,Strong HEV (Hybrid Electric Vehicle),34
2023-07-01,Registration at time of Transfer,BEV (Battery Electric Vehicle),22
2023-07-01,Registration at time of Transfer,HEV (Hybrid Electric Vehicle) - Level Unknown,34
2023-07-01,Registration at time of Transfer,ICE (Internal Combustion Engine),2027
2023-07-01,Registration at time of Transfer,PHEV (Plug-in Hybrid Electric Vehicle),8
2023-07-01,Registration at time of Transfer,Strong HEV (Hybrid Electric Vehicle),36
2023-07-01,Registration Renewal,BEV (Battery Electric Vehicle),212
2023-07-01,Registration Renewal,HEV (Hybrid Electric Vehicle) - Level Unknown,334
2023-07-01,Registration Renewal,ICE (Internal Combustion Engine),15725
2023-07-01,Registration Renewal,Mild HEV (Hybrid Electric Vehicle),15
2023-07-01,Registration Renewal,PHEV (Plug-in Hybrid Electric Vehicle),76
2023-07-01,Registration Renewal,Strong HEV (Hybrid Electric Vehicle),378
2023-08-01,Original Registration,BEV (Battery Electric Vehicle),99
2023-08-01,Original Registration,HEV (Hybrid Electric Vehicle) - Level Unknown,72
2023-08-01,Original Registration,ICE (Internal Combustion Engine),1102
2023-08-01,Original Registration,Mild HEV (Hybrid Electric Vehicle),2
2023-08-01,Original Registration,PHEV (Plug-in Hybrid Electric Vehicle),35
2023-08-01,Original Registration,Strong HEV (Hybrid Electric Vehicle),36
2023-08-01,Registration at time of Transfer,BEV (Battery Electric Vehicle),26
2023-08-01,Registration at time of Transfer,HEV (Hybrid Electric Vehicle) - Level Unknown,36
2023-08-01,Registration at time of Transfer,ICE (Internal Combustion Engine),2213
2023-08-01,Registration at time of Transfer,Mild HEV (Hybrid Electric Vehicle),1
2023-08-01,Registration at time of Transfer,PHEV (Plug-in Hybrid Electric Vehicle),4
2023-08-01,Registration at time of Transfer,Strong HEV (Hybrid Electric Vehicle),43
2023-08-01,Registration Renewal,BEV (Battery Electric Vehicle),189
2023-08-01,Registration Renewal,HEV (Hybrid Electric Vehicle) - Level Unknown,283
2023-08-01,Registration Renewal,ICE (Internal Combustion Engine),14455
2023-08-01,Registration Renewal,Mild HEV (Hybrid Electric Vehicle),9
2023-08-01,Registration Renewal,PHEV (Plug-in Hybrid Electric Vehicle),60
2023-08-01,Registration Renewal,Strong HEV (Hybrid Electric Vehicle),346
2023-09-01,Original Registration,BEV (Battery Electric Vehicle),78
2023-09-01,Original Registration,HEV (Hybrid Electric Vehicle) - Level Unknown,61
2023-09-01,Original Registration,ICE (Internal Combustion Engine),983
2023-09-01,Original Registration,Mild HEV (Hybrid Electric Vehicle),4
2023-09-01,Original Registration,PHEV (Plug-in Hybrid Electric Vehicle),34
2023-09-01,Original Registration,Strong HEV (Hybrid Electric Vehicle),35
2023-09-01,Registration at time of Transfer,BEV (Battery Electric Vehicle),35
2023-09-01,Registration at time of Transfer,HEV (Hybrid Electric Vehicle) - Level Unknown,39
2023-09-01,Registration at time of Transfer,ICE (Internal Combustion Engine),2049
2023-09-01,Registration at time of Transfer,Mild HEV (Hybrid Electric Vehicle),2
2023-09-01,Registration at time of Transfer,PHEV (Plug-in Hybrid Electric Vehicle),11
2023-09-01,Registration at time of Transfer,Strong HEV (Hybrid Electric Vehicle),36
2023-09-01,Registration Renewal,BEV (Battery Electric Vehicle),214
2023-09-01,Registration Renewal,HEV (Hybrid Electric Vehicle) - Level Unknown,297
2023-09-01,Registration Renewal,ICE (Internal Combustion Engine),13401
2023-09-01,Registration Renewal,Mild HEV (Hybrid Electric Vehicle),9
2023-09-01,Registration Renewal,PHEV (Plug-in Hybrid Electric Vehicle),59
2023-09-01,Registration Renewal,Strong HEV (Hybrid Electric Vehicle),328
2023-10-01,Original Registration,BEV (Battery Electric Vehicle),103
2023-10-01,Original Registration,HEV (Hybrid Electric Vehicle) - Level Unknown,79
2023-10-01,Original Registration,ICE (Internal Combustion Engine),906
2023-10-01,Original Registration,Mild HEV (Hybrid Electric Vehicle),6
2023-10-01,Original Registration,PHEV (Plug-in Hybrid Electric Vehicle),36
2023-10-01,Original Registration,Strong HEV (Hybrid Electric Vehicle),36
2023-10-01,Registration at time of Transfer,BEV (Battery Electric Vehicle),19
2023-10-01,Registration at time of Transfer,HEV (Hybrid Electric Vehicle) - Level Unknown,36
2023-10-01,Registration at time of Transfer,ICE (Internal Combustion Engine),1949
2023-10-01,Registration at time of Transfer,Mild HEV (Hybrid Electric Vehicle),1
2023-10-01,Registration at time of Transfer,PHEV (Plug-in Hybrid Electric Vehicle),9
2023-10-01,Registration at time of Transfer,Strong HEV (Hybrid Electric Vehicle),33
2023-10-01,Registration Renewal,BEV (Battery Electric Vehicle),177
2023-10-01,Registration Renewal,HEV (Hybrid Electric Vehicle) - Level Unknown,298
2023-10-01,Registration Renewal,ICE (Internal Combustion Engine),12920
2023-10-01,Registration Renewal,Mild HEV (Hybrid Electric Vehicle),14
2023-10-01,Registration Renewal,PHEV (Plug-in Hybrid Electric Vehicle),53
2023-10-01,Registration Renewal,Strong HEV (Hybrid Electric Vehicle),347
2023-11-01,Original Registration,BEV (Battery Electric Vehicle),93
2023-11-01,Original Registration,HEV (Hybrid Electric Vehicle) - Level Unknown,69
2023-11-01,Original Registration,ICE (Internal Combustion Engine),908
2023-11-01,Original Registration,Mild HEV (Hybrid Electric Vehicle),11
2023-11-01,Original Registration,PHEV (Plug-in Hybrid Electric Vehicle),35
2023-11-01,Original Registration,Strong HEV (Hybrid Electric Vehicle),53
2023-11-01,Registration at time of Transfer,BEV (Battery Electric Vehicle),19
2023-11-01,Registration at time of Transfer,HEV (Hybrid Electric Vehicle) - Level Unknown,26
2023-11-01,Registration at time of Transfer,ICE (Internal Combustion Engine),1742
2023-11-01,Registration at time of Transfer,Mild HEV (Hybrid Electric Vehicle),1
2023-11-01,Registration at time of Transfer,PHEV (Plug-in Hybrid Electric Vehicle),10
2023-11-01,Registration at time of Transfer,Strong HEV (Hybrid Electric Vehicle),28
2023-11-01,Registration Renewal,BEV (Battery Electric Vehicle),170
2023-11-01,Registration Renewal,HEV (Hybrid Electric Vehicle) - Level Unknown,268
2023-11-01,Registration Renewal,ICE (Internal Combustion Engine),11125
2023-11-01,Registration Renewal,Mild HEV (Hybrid Electric Vehicle),14
2023-11-01,Registration Renewal,PHEV (Plug-in Hybrid Electric Vehicle),61
2023-11-01,Registration Renewal,Strong HEV (Hybrid Electric Vehicle),280
2023-12-01,Original Registration,BEV (Battery Electric Vehicle),73
2023-12-01,Original Registration,HEV (Hybrid Electric Vehicle) - Level Unknown,93
2023-12-01,Original Registration,ICE (Internal Combustion Engine),846
2023-12-01,Original Registration,Mild HEV (Hybrid Electric Vehicle),5
2023-12-01,Original Registration,PHEV (Plug-in Hybrid Electric Vehicle),32
2023-12-01,Original Registration,Strong HEV (Hybrid Electric Vehicle),32
2023-12-01,Registration at time of Transfer,BEV (Battery Electric Vehicle),22
2023-12-01,Registration at time of Transfer,HEV (Hybrid Electric Vehicle) - Level Unknown,25
2023-12-01,Registration at time of Transfer,ICE (Internal Combustion Engine),1736
2023-12-01,Registration at time of Transfer,Mild HEV (Hybrid Electric Vehicle),2
2023-12-01,Registration at time of Transfer,PHEV (Plug-in Hybrid Electric Vehicle),7
2023-12-01,Registration at time of Transfer,Strong HEV (Hybrid Electric Vehicle),32
2023-12-01,Registration Renewal,BEV (Battery Electric Vehicle),163
2023-12-01,Registration Renewal,HEV (Hybrid Electric Vehicle) - Level Unknown,262
2023-12-01,Registration Renewal,ICE (Internal Combustion Engine),11716
2023-12-01,Registration Renewal,Mild HEV (Hybrid Electric Vehicle),13
2023-12-01,Registration Renewal,PHEV (Plug-in Hybrid Electric Vehicle),50
2023-12-01,Registration Renewal,Strong HEV (Hybrid Electric Vehicle),288
2024-01-01,Original Registration,BEV (Battery Electric Vehicle),74
2024-01-01,Original Registration,HEV (Hybrid Electric Vehicle) - Level Unknown,69
2024-01-01,Original Registration,ICE (Internal Combustion Engine),896
2024-01-01,Original Registration,Mild HEV (Hybrid Electric Vehicle),3
2024-01-01,Original Registration,PHEV (Plug-in Hybrid Electric Vehicle),23
2024-01-01,Original Registration,Strong HEV (Hybrid Electric Vehicle),37
2024-01-01,Registration at time of Transfer,BEV (Battery Electric Vehicle),17
2024-01-01,Registration at time of Transfer,HEV (Hybrid Electric Vehicle) - Level Unknown,37
2024-01-01,Registration at time of Transfer,ICE (Internal Combustion Engine),1671
2024-01-01,Registration at time of Transfer,Mild HEV (Hybrid Electric Vehicle),1
2024-01-01,Registration at time of Transfer,PHEV (Plug-in Hybrid Electric Vehicle),9
2024-01-01,Registration at time of Transfer,Strong HEV (Hybrid Electric Vehicle),30
2024-01-01,Registration Renewal,BEV (Battery Electric Vehicle),193
2024-01-01,Registration Renewal,HEV (Hybrid Electric Vehicle) - Level Unknown,315
2024-01-01,Registration Renewal,ICE (Internal Combustion Engine),14585
2024-01-01,Registration Renewal,Mild HEV (Hybrid Electric Vehicle),24
2024-01-01,Registration Renewal,PHEV (Plug-in Hybrid Electric Vehicle),117
2024-01-01,Registration Renewal,Strong HEV (Hybrid Electric Vehicle),321
2024-02-01,Original Registration,BEV (Battery Electric Vehicle),93
2024-02-01,Original Registration,HEV (Hybrid Electric Vehicle) - Level Unknown,67
2024-02-01,Original Registration,ICE (Internal Combustion Engine),994
2024-02-01,Original Registration,Mild HEV (Hybrid Electric Vehicle),2
2024-02-01,Original Registration,PHEV (Plug-in Hybrid Electric Vehicle),21
2024-02-01,Original Registration,Strong HEV (Hybrid Electric Vehicle),24
2024-02-01,Registration at time of Transfer,BEV (Battery Electric Vehicle),25
2024-02-01,Registration at time of Transfer,HEV (Hybrid Electric Vehicle) - Level Unknown,35
2024-02-01,Registration at time of Transfer,ICE (Internal Combustion Engine),1922
2024-02-01,Registration at time of Transfer,Mild HEV (Hybrid Electric Vehicle),1
2024-02-01,Registration at time of Transfer,PHEV (Plug-in Hybrid Electric Vehicle),6
2024-02-01,Registration at time of Transfer,Strong HEV (Hybrid Electric Vehicle),39
2024-02-01,Registration Renewal,BEV (Battery Electric Vehicle),199
2024-02-01,Registration Renewal,HEV (Hybrid Electric Vehicle) - Level Unknown,307
2024-02-01,Registration Renewal,ICE (Internal Combustion Engine),12786
2024-02-01,Registration Renewal,Mild HEV (Hybrid Electric Vehicle),9
2024-02-01,Registration Renewal,PHEV (Plug-in Hybrid Electric Vehicle),59
2024-02-01,Registration Renewal,Strong HEV (Hybrid Electric Vehicle),314
2024-03-01,Original Registration,BEV (Battery Electric Vehicle),63
2024-03-01,Original Registration,HEV (Hybrid Electric Vehicle) - Level Unknown,64
2024-03-01,Original Registration,ICE (Internal Combustion Engine),1020
2024-03-01,Original Registration,Mild HEV (Hybrid Electric Vehicle),1
2024-03-01,Original Registration,PHEV (Plug-in Hybrid Electric Vehicle),30
2024-03-01,Original Registration,Strong HEV (Hybrid Electric Vehicle),25
2024-03-01,Registration at time of Transfer,BEV (Battery Electric Vehicle),28
2024-03-01,Registration at time of Transfer,HEV (Hybrid Electric Vehicle) - Level Unknown,37
2024-03-01,Registration at time of Transfer,ICE (Internal Combustion Engine),2130
2024-03-01,Registration at time of Transfer,Mild HEV (Hybrid Electric Vehicle),4
2024-03-01,Registration at time of Transfer,PHEV (Plug-in Hybrid Electric Vehicle),12
2024-03-01,Registration at time of Transfer,Strong HEV (Hybrid Electric Vehicle),41
2024-03-01,Registration Renewal,BEV (Battery Electric Vehicle),243
2024-03-01,Registration Renewal,HEV (Hybrid Electric Vehicle) - Level Unknown,325
2024-03-01,Registration Renewal,ICE (Internal Combustion Engine),13844
2024-03-01,Registration Renewal,Mild HEV (Hybrid Electric Vehicle),19
2024-03-01,Registration Renewal,PHEV (Plug-in Hybrid Electric Vehicle),80
2024-03-01,Registration Renewal,Strong HEV (Hybrid Electric Vehicle),341
2024-04-01,Original Registration,BEV (Battery Electric Vehicle),73
2024-04-01,Original Registration,HEV (Hybrid Electric Vehicle) - Level Unknown,84
2024-04-01,Original Registration,ICE (Internal Combustion Engine),1048
2024-04-01,Original Registration,Mild HEV (Hybrid Electric Vehicle),1
2024-04-01,Original Registration,PHEV (Plug-in Hybrid Electric Vehicle),46
2024-04-01,Original Registration,Strong HEV (Hybrid Electric Vehicle),31
2024-04-01,Registration at time of Transfer,BEV (Battery Electric Vehicle),25
2024-04-01,Registration at time of Transfer,HEV (Hybrid Electric Vehicle) - Level Unknown,53
2024-04-01,Registration at time of Transfer,ICE (Internal Combustion Engine),2079
2024-04-01,Registration at time of Transfer,Mild HEV (Hybrid Electric Vehicle),4
2024-04-01,Registration at time of Transfer,PHEV (Plug-in Hybrid Electric Vehicle),10
2024-04-01,Registration at time of Transfer,Strong HEV (Hybrid Electric Vehicle),30
2024-04-01,Registration Renewal,BEV (Battery Electric Vehicle),207
2024-04-01,Registration Renewal,HEV (Hybrid Electric Vehicle) - Level Unknown,325
2024-04-01,Registration Renewal,ICE (Internal Combustion Engine),13381
2024-04-01,Registration Renewal,Mild HEV (Hybrid Electric Vehicle),12
2024-04-01,Registration Renewal,PHEV (Plug-in Hybrid Electric Vehicle),69
2024-04-01,Registration Renewal,Strong HEV (Hybrid Electric Vehicle),311
2024-05-01,Original Registration,BEV (Battery Electric Vehicle),94
2024-05-01,Original Registration,HEV (Hybrid Electric Vehicle) - Level Unknown,80
2024-05-01,Original Registration,ICE (Internal Combustion Engine),1136
2024-05-01,Original Registration,Mild HEV (Hybrid Electric Vehicle),2
2024-05-01,Original Registration,PHEV (Plug-in Hybrid Electric Vehicle),30
2024-05-01,Original Registration,Strong HEV (Hybrid Electric Vehicle),45
2024-05-01,Registration at time of Transfer,BEV (Battery Electric Vehicle),45
2024-05-01,Registration at time of Transfer,HEV (Hybrid Electric Vehicle) - Level Unknown,50
2024-05-01,Registration at time of Transfer,ICE (Internal Combustion Engine),2190
2024-05-01,Registration at time of Transfer,Mild HEV (Hybrid Electric Vehicle),1
2024-05-01,Registration at time of Transfer,PHEV (Plug-in Hybrid Electric Vehicle),11
2024-05-01,Registration at time of Transfer,Strong HEV (Hybrid Electric Vehicle),53
2024-05-01,Registration Renewal,BEV (Battery Electric Vehicle),257
2024-05-01,Registration Renewal,HEV (Hybrid Electric Vehicle) - Level Unknown,322
2024-05-01,Registration Renewal,ICE (Internal Combustion Engine),14686
2024-05-01,Registration Renewal,Mild HEV (Hybrid Electric Vehicle),16
2024-05-01,Registration Renewal,PHEV (Plug-in Hybrid Electric Vehicle),76
2024-05-01,Registration Renewal,Strong HEV (Hybrid Electric Vehicle),351
2024-06-01,Original Registration,BEV (Battery Electric Vehicle),86
2024-06-01,Original Registration,HEV (Hybrid Electric Vehicle) - Level Unknown,96
2024-06-01,Original Registration,ICE (Internal Combustion Engine),1093
2024-06-01,Original Registration,Mild HEV (Hybrid Electric Vehicle),9
2024-06-01,Original Registration,PHEV (Plug-in Hybrid Electric Vehicle),32
2024-06-01,Original Registration,Strong HEV (Hybrid Electric Vehicle),17
2024-06-01,Registration at time of Transfer,BEV (Battery Electric Vehicle),25
2024-06-01,Registration at time of Transfer,HEV (Hybrid Electric Vehicle) - Level Unknown,40
2024-06-01,Registration at time of Transfer,ICE (Internal Combustion Engine),1982
2024-06-01,Registration at time of Transfer,Mild HEV (Hybrid Electric Vehicle),1
2024-06-01,Registration at time of Transfer,PHEV (Plug-in Hybrid Electric Vehicle),9
2024-06-01,Registration at time of Transfer,Strong HEV (Hybrid Electric Vehicle),37
2024-06-01,Registration Renewal,BEV (Battery Electric Vehicle),232
2024-06-01,Registration Renewal,HEV (Hybrid Electric Vehicle) - Level Unknown,316
2024-06-01,Registration Renewal,ICE (Internal Combustion Engine),13881
2024-06-01,Registration Renewal,Mild HEV (Hybrid Electric Vehicle),12
2024-06-01,Registration Renewal,PHEV (Plug-in Hybrid Electric Vehicle),84
2024-06-01,Registration Renewal,Strong HEV (Hybrid Electric Vehicle),352
2024-07-01,Original Registration,BEV (Battery Electric Vehicle),98
2024-07-01,Original Registration,HEV (Hybrid Electric Vehicle) - Level Unknown,73
2024-07-01,Original Registration,ICE (Internal Combustion Engine),1085
2024-07-01,Original Registration,Mild HEV (Hybrid Electric Vehicle),4
2024-07-01,Original Registration,PHEV (Plug-in Hybrid Electric Vehicle),31
2024-07-01,Original Registration,Strong HEV (Hybrid Electric Vehicle),46
2024-07-01,Registration at time of Transfer,BEV (Battery Electric Vehicle),24
2024-07-01,Registration at time of Transfer,HEV (Hybrid Electric Vehicle) - Level Unknown,41
2024-07-01,Registration at time of Transfer,ICE (Internal Combustion Engine),2165
2024-07-01,Registration at time of Transfer,Mild HEV (Hybrid Electric Vehicle),3
2024-07-01,Registration at time of Transfer,PHEV (Plug-in Hybrid Electric Vehicle),5
2024-07-01,Registration at time of Transfer,Strong HEV (Hybrid Electric Vehicle),56
2024-07-01,Registration Renewal,BEV (Battery Electric Vehicle),263
2024-07-01,Registration Renewal,HEV (Hybrid Electric Vehicle) - Level Unknown,402
2024-07-01,Registration Renewal,ICE (Internal Combustion Engine),14776
2024-07-01,Registration Renewal,Mild HEV (Hybrid Electric Vehicle),15
2024-07-01,Registration Renewal,PHEV (Plug-in Hybrid Electric Vehicle),88
2024-07-01,Registration Renewal,Strong HEV (Hybrid Electric Vehicle),355
2024-08-01,Original Registration,BEV (Battery Electric Vehicle),127
2024-08-01,Original Registration,HEV (Hybrid Electric Vehicle) - Level Unknown,86
2024-08-01,Original Registration,ICE (Internal Combustion Engine),1043
2024-08-01,Original Registration,Mild HEV (Hybrid Electric Vehicle),3
2024-08-01,Original Registration,PHEV (Plug-in Hybrid Electric Vehicle),39
2024-08-01,Original Registration,Strong HEV (Hybrid Electric Vehicle),30
2024-08-01,Registration at time of Transfer,BEV (Battery Electric Vehicle),32
2024-08-01,Registration at time of Transfer,HEV (Hybrid Electric Vehicle) - Level Unknown,41
2024-08-01,Registration at time of Transfer,ICE (Internal Combustion Engine),2165
2024-08-01,Registration at time of Transfer,Mild HEV (Hybrid Electric Vehicle),1
2024-08-01,Registration at time of Transfer,PHEV (Plug-in Hybrid Electric Vehicle),9
2024-08-01,Registration at time of Transfer,Strong HEV (Hybrid Electric Vehicle),45
2024-08-01,Registration Renewal,BEV (Battery Electric Vehicle),287
2024-08-01,Registration Renewal,HEV (Hybrid Electric Vehicle) - Level Unknown,340
2024-08-01,Registration Renewal,ICE (Internal Combustion Engine),14486
2024-08-01,Registration Renewal,Mild HEV (Hybrid Electric Vehicle),14
2024-08-01,Registration Renewal,PHEV (Plug-in Hybrid Electric Vehicle),86
2024-08-01,Registration Renewal,Strong HEV (Hybrid Electric Vehicle),369
2024-09-01,Original Registration,BEV (Battery Electric Vehicle),119
2024-09-01,Original Registration,HEV (Hybrid Electric Vehicle) - Level Unknown,72
2024-09-01,Original Registration,ICE (Internal Combustion Engine),907
2024-09-01,Original Registration,Mild HEV (Hybrid Electric Vehicle),4
2024-09-01,Original Registration,PHEV (Plug-in Hybrid Electric Vehicle),30
2024-09-01,Original Registration,Strong HEV (Hybrid Electric Vehicle),33
2024-09-01,Registration at time of Transfer,BEV (Battery Electric Vehicle),29
2024-09-01,Registration at time of Transfer,HEV (Hybrid Electric Vehicle) - Level Unknown,30
2024-09-01,Registration at time of Transfer,ICE (Internal Combustion Engine),2002
2024-09-01,Registration at time of Transfer,Mild HEV (Hybrid Electric Vehicle),3
2024-09-01,Registration at time of Transfer,PHEV (Plug-in Hybrid Electric Vehicle),13
2024-09-01,Registration at time of Transfer,Strong HEV (Hybrid Electric Vehicle),37
2024-09-01,Registration Renewal,BEV (Battery Electric Vehicle),292
2024-09-01,Registration Renewal,HEV (Hybrid Electric Vehicle) - Level Unknown,360
2024-09-01,Registration Renewal,ICE (Internal Combustion Engine),12718
2024-09-01,Registration Renewal,Mild HEV (Hybrid Electric Vehicle),12
2024-09-01,Registration Renewal,PHEV (Plug-in Hybrid Electric Vehicle),95
2024-09-01,Registration Renewal,Strong HEV (Hybrid Electric Vehicle),352
2024-10-01,Original Registration,BEV (Battery Electric Vehicle),118
2024-10-01,Original Registration,HEV (Hybrid Electric Vehicle) - Level Unknown,88
2024-10-01,Original Registration,ICE (Internal Combustion Engine),1014
2024-10-01,Original Registration,Mild HEV (Hybrid Electric Vehicle),5
2024-10-01,Original Registration,PHEV (Plug-in Hybrid Electric Vehicle),31
2024-10-01,Original Registration,Strong HEV (Hybrid Electric Vehicle),40
2024-10-01,Registration at time of Transfer,BEV (Battery Electric Vehicle),37
2024-10-01,Registration at time of Transfer,HEV (Hybrid Electric Vehicle) - Level Unknown,42
2024-10-01,Registration at time of Transfer,ICE (Internal Combustion Engine),2010
2024-10-01,Registration at time of Transfer,Mild HEV (Hybrid Electric Vehicle),4
2024-10-01,Registration at time of Transfer,PHEV (Plug-in Hybrid Electric Vehicle),11
2024-10-01,Registration at time of Transfer,Strong HEV (Hybrid Electric Vehicle),52
2024-10-01,Registration Renewal,BEV (Battery Electric Vehicle),261
2024-10-01,Registration Renewal,HEV (Hybrid Electric Vehicle) - Level Unknown,349
2024-10-01,Registration Renewal,ICE (Internal Combustion Engine),12945
2024-10-01,Registration Renewal,Mild HEV (Hybrid Electric Vehicle),17
2024-10-01,Registration Renewal,PHEV (Plug-in Hybrid Electric Vehicle),61
2024-10-01,Registration Renewal,Strong HEV (Hybrid Electric Vehicle),351
2024-11-01,Original Registration,BEV (Battery Electric Vehicle),96
2024-11-01,Original Registration,HEV (Hybrid Electric Vehicle) - Level Unknown,78
2024-11-01,Original Registration,ICE (Internal Combustion Engine),862
2024-11-01,Original Registration,Mild HEV (Hybrid Electric Vehicle),5
2024-11-01,Original Registration,PHEV (Plug-in Hybrid Electric Vehicle),34
2024-11-01,Original Registration,Strong HEV (Hybrid Electric Vehicle),27
2024-11-01,Registration at time of Transfer,BEV (Battery Electric Vehicle),39
2024-11-01,Registration at time of Transfer,HEV (Hybrid Electric Vehicle) - Level Unknown,32
2024-11-01,Registration at time of Transfer,ICE (Internal Combustion Engine),1701
2024-11-01,Registration at time of Transfer,PHEV (Plug-in Hybrid Electric Vehicle),4
2024-11-01,Registration at time of Transfer,Strong HEV (Hybrid Electric Vehicle),37
2024-11-01,Registration Renewal,BEV (Battery Electric Vehicle),219
2024-11-01,Registration Renewal,HEV (Hybrid Electric Vehicle) - Level Unknown,312
2024-11-01,Registration Renewal,ICE (Internal Combustion Engine),10794
2024-11-01,Registration Renewal,Mild HEV (Hybrid Electric Vehicle),15
2024-11-01,Registration Renewal,PHEV (Plug-in Hybrid Electric Vehicle),61
2024-11-01,Registration Renewal,Strong HEV (Hybrid Electric Vehicle),282
2024-12-01,Original Registration,BEV (Battery Electric Vehicle),100
2024-12-01,Original Registration,HEV (Hybrid Electric Vehicle) - Level Unknown,73
2024-12-01,Original Registration,ICE (Internal Combustion Engine),1002
2024-12-01,Original Registration,Mild HEV (Hybrid Electric Vehicle),3
2024-12-01,Original Registration,PHEV (Plug-in Hybrid Electric Vehicle),31
2024-12-01,Original Registration,Strong HEV (Hybrid Electric Vehicle),47
2024-12-01,Registration at time of Transfer,BEV (Battery Electric Vehicle),36
2024-12-01,Registration at time of Transfer,HEV (Hybrid Electric Vehicle) - Level Unknown,38
2024-12-01,Registration at time of Transfer,ICE (Internal Combustion Engine),1769
2024-12-01,Registration at time of Transfer,Mild HEV (Hybrid Electric Vehicle),1
2024-12-01,Registration at time of Transfer,PHEV (Plug-in Hybrid Electric Vehicle),11
2024-12-01,Registration at time of Transfer,Strong HEV (Hybrid Electric Vehicle),35
2024-12-01,Registration Renewal,BEV (Battery Electric Vehicle),259
2024-12-01,Registration Renewal,HEV (Hybrid Electric Vehicle) - Level Unknown,335
2024-12-01,Registration Renewal,ICE (Internal Combustion Engine),12039
2024-12-01,Registration Renewal,Mild HEV (Hybrid Electric Vehicle),13
2024-12-01,Registration Renewal,PHEV (Plug-in Hybrid Electric Vehicle),84
2024-12-01,Registration Renewal,Strong HEV (Hybrid Electric Vehicle),321
2025-01-01,Original Registration,BEV (Battery Electric Vehicle),108
2025-01-01,Original Registration,HEV (Hybrid Electric Vehicle) - Level Unknown,113
2025-01-01,Original Registration,ICE (Internal Combustion Engine),1007
2025-01-01,Original Registration,Mild HEV (Hybrid Electric Vehicle),10
2025-01-01,Original Registration,PHEV (Plug-in Hybrid Electric Vehicle),49
2025-01-01,Original Registration,Strong HEV (Hybrid Electric Vehicle),43
2025-01-01,Registration at time of Transfer,BEV (Battery Electric Vehicle),40
2025-01-01,Registration at time of Transfer,HEV (Hybrid Electric Vehicle) - Level Unknown,41
2025-01-01,Registration at time of Transfer,ICE (Internal Combustion Engine),1932
2025-01-01,Registration at time of Transfer,Mild HEV (Hybrid Electric Vehicle),1
2025-01-01,Registration at time of Transfer,PHEV (Plug-in Hybrid Electric Vehicle),6
2025-01-01,Registration at time of Transfer,Strong HEV (Hybrid Electric Vehicle),44
2025-01-01,Registration Renewal,BEV (Battery Electric Vehicle),251
2025-01-01,Registration Renewal,HEV (Hybrid Electric Vehicle) - Level Unknown,375
2025-01-01,Registration Renewal,ICE (Internal Combustion Engine),14592
2025-01-01,Registration Renewal,Mild HEV (Hybrid Electric Vehicle),14
2025-01-01,Registration Renewal,PHEV (Plug-in Hybrid Electric Vehicle),163
2025-01-01,Registration Renewal,Strong HEV (Hybrid Electric Vehicle),340
2025-02-01,Original Registration,BEV (Battery Electric Vehicle),89
2025-02-01,Original Registration,HEV (Hybrid Electric Vehicle) - Level Unknown,79
2025-02-01,Original Registration,ICE (Internal Combustion Engine),863
2025-02-01,Original Registration,Mild HEV (Hybrid Electric Vehicle),7
2025-02-01,Original Registration,PHEV (Plug-in Hybrid Electric Vehicle),21
2025-02-01,Original Registration,Strong HEV (Hybrid Electric Vehicle),29
2025-02-01,Registration at time of Transfer,BEV (Battery Electric Vehicle),23
2025-02-01,Registration at time of Transfer,HEV (Hybrid Electric Vehicle) - Level Unknown,29
2025-02-01,Registration at time of Transfer,ICE (Internal Combustion Engine),1711
2025-02-01,Registration at time of Transfer,PHEV (Plug-in Hybrid Electric Vehicle),6
2025-02-01,Registration at time of Transfer,Strong HEV (Hybrid Electric Vehicle),37
2025-02-01,Registration Renewal,BEV (Battery Electric Vehicle),229
2025-02-01,Registration Renewal,HEV (Hybrid Electric Vehicle) - Level Unknown,337
2025-02-01,Registration Renewal,ICE (Internal Combustion Engine),11488
2025-02-01,Registration Renewal,Mild HEV (Hybrid Electric Vehicle),15
2025-02-01,Registration Renewal,PHEV (Plug-in Hybrid Electric Vehicle),105
2025-02-01,Registration Renewal,Strong HEV (Hybrid Electric Vehicle),295
2025-03-01,Original Registration,BEV (Battery Electric Vehicle),110
2025-03-01,Original Registration,HEV (Hybrid Electric Vehicle) - Level Unknown,92
2025-03-01,Original Registration,ICE (Internal Combustion Engine),1076
2025-03-01,Original Registration,Mild HEV (Hybrid Electric Vehicle),4
2025-03-01,Original Registration,PHEV (Plug-in Hybrid Electric Vehicle),28
2025-03-01,Original Registration,Strong HEV (Hybrid Electric Vehicle),28
2025-03-01,Registration at time of Transfer,BEV (Battery Electric Vehicle),34
2025-03-01,Registration at time of Transfer,HEV (Hybrid Electric Vehicle) - Level Unknown,64
2025-03-01,Registration at time of Transfer,ICE (Internal Combustion Engine),2042
2025-03-01,Registration at time of Transfer,Mild HEV (Hybrid Electric Vehicle),2
2025-03-01,Registration at time of Transfer,PHEV (Plug-in Hybrid Electric Vehicle),15
2025-03-01,Registration at time of Transfer,Strong HEV (Hybrid Electric Vehicle),39
2025-03-01,Registration Renewal,BEV (Battery Electric Vehicle),318
2025-03-01,Registration Renewal,HEV (Hybrid Electric Vehicle) - Level Unknown,404
2025-03-01,Registration Renewal,ICE (Internal Combustion Engine),14362
2025-03-01,Registration Renewal,Mild HEV (Hybrid Electric Vehicle),18
2025-03-01,Registration Renewal,PHEV (Plug-in Hybrid Electric Vehicle),92
2025-03-01,Registration Renewal,Strong HEV (Hybrid Electric Vehicle),393
2025-04-01,Original Registration,BEV (Battery Electric Vehicle),115
2025-04-01,Original Registration,HEV (Hybrid Electric Vehicle) - Level Unknown,133
2025-04-01,Original Registration,ICE (Internal Combustion Engine),1042
2025-04-01,Original Registration,Mild HEV (Hybrid Electric Vehicle),14
2025-04-01,Original Registration,PHEV (Plug-in Hybrid Electric Vehicle),33
2025-04-01,Original Registration,Strong HEV (Hybrid Electric Vehicle),43
2025-04-01,Registration at time of Transfer,BEV (Battery Electric Vehicle),54
2025-04-01,Registration at time of Transfer,HEV (Hybrid Electric Vehicle) - Level Unknown,41
2025-04-01,Registration at time of Transfer,ICE (Internal Combustion Engine),2295
2025-04-01,Registration at time of Transfer,Mild HEV (Hybrid Electric Vehicle),1
2025-04-01,Registration at time of Transfer,PHEV (Plug-in Hybrid Electric Vehicle),15
2025-04-01,Registration at time of Transfer,Strong HEV (Hybrid Electric Vehicle),39
2025-04-01,Registration Renewal,BEV (Battery Electric Vehicle),283
2025-04-01,Registration Renewal,HEV (Hybrid Electric Vehicle) - Level Unknown,389
2025-04-01,Registration Renewal,ICE (Internal Combustion Engine),14696
2025-04-01,Registration Renewal,Mild HEV (Hybrid Electric Vehicle),16
2025-04-01,Registration Renewal,PHEV (Plug-in Hybrid Electric Vehicle),87
2025-04-01,Registration Renewal,Strong HEV (Hybrid Electric Vehicle),349
2025-05-01,Original Registration,BEV (Battery Electric Vehicle),79
2025-05-01,Original Registration,HEV (Hybrid Electric Vehicle) - Level Unknown,131
2025-05-01,Original Registration,ICE (Internal Combustion Engine),1142
2025-05-01,Original Registration,Mild HEV (Hybrid Electric Vehicle),4
2025-05-01,Original Registration,PHEV (Plug-in Hybrid Electric Vehicle),20
2025-05-01,Original Registration,Strong HEV (Hybrid Electric Vehicle),37
2025-05-01,Registration at time of Transfer,BEV (Battery Electric Vehicle),39
2025-05-01,Registration at time of Transfer,HEV (Hybrid Electric Vehicle) - Level Unknown,65
2025-05-01,Registration at time of Transfer,ICE (Internal Combustion Engine),2132
2025-05-01,Registration at time of Transfer,Mild HEV (Hybrid Electric Vehicle),3
2025-05-01,Registration at time of Transfer,PHEV (Plug-in Hybrid Electric Vehicle),6
2025-05-01,Registration at time of Transfer,Strong HEV (Hybrid Electric Vehicle),39
2025-05-01,Registration Renewal,BEV (Battery Electric Vehicle),344
2025-05-01,Registration Renewal,HEV (Hybrid Electric Vehicle) - Level Unknown,374
2025-05-01,Registration Renewal,ICE (Internal Combustion Engine),13903
2025-05-01,Registration Renewal,Mild HEV (Hybrid Electric Vehicle),23
2025-05-01,Registration Renewal,PHEV (Plug-in Hybrid Electric Vehicle),88
2025-05-01,Registration Renewal,Strong HEV (Hybrid Electric Vehicle),357
2025-06-01,Original Registration,BEV (Battery Electric Vehicle),89
2025-06-01,Original Registration,HEV (Hybrid Electric Vehicle) - Level Unknown,104
2025-06-01,Original Registration,ICE (Internal Combustion Engine),1059
2025-06-01,Original Registration,Mild HEV (Hybrid Electric Vehicle),4
2025-06-01,Original Registration,PHEV (Plug-in Hybrid Electric Vehicle),20
2025-06-01,Original Registration,Strong HEV (Hybrid Electric Vehicle),29
2025-06-01,Registration at time of Transfer,BEV (Battery Electric Vehicle),56
2025-06-01,Registration at time of Transfer,HEV (Hybrid Electric Vehicle) - Level Unknown,51
2025-06-01,Registration at time of Transfer,ICE (Internal Combustion Engine),2047
2025-06-01,Registration at time of Transfer,Mild HEV (Hybrid Electric Vehicle),2
2025-06-01,Registration at time of Transfer,PHEV (Plug-in Hybrid Electric Vehicle),12
2025-06-01,Registration at time of Transfer,Strong HEV (Hybrid Electric Vehicle),41
2025-06-01,Registration Renewal,BEV (Battery Electric Vehicle),305
2025-06-01,Registration Renewal,HEV (Hybrid Electric Vehicle) - Level Unknown,431
2025-06-01,Registration Renewal,ICE (Internal Combustion Engine),14081
2025-06-01,Registration Renewal,Mild HEV (Hybrid Electric Vehicle),29
2025-06-01,Registration Renewal,PHEV (Plug-in Hybrid Electric Vehicle),105
2025-06-01,Registration Renewal,Strong HEV (Hybrid Electric Vehicle),374
2025-07-01,Original Registration,BEV (Battery Electric Vehicle),116
2025-07-01,Original Registration,HEV (Hybrid Electric Vehicle) - Level Unknown,91
2025-07-01,Original Registration,ICE (Internal Combustion Engine),1106
2025-07-01,Original Registration,Mild HEV (Hybrid Electric Vehicle),7
2025-07-01,Original Registration,PHEV (Plug-in Hybrid Electric Vehicle),32
2025-07-01,Original Registration,Strong HEV (Hybrid Electric Vehicle),33
2025-07-01,Registration at time of Transfer,BEV (Battery Electric Vehicle),38
2025-07-01,Registration at time of Transfer,HEV (Hybrid Electric Vehicle) - Level Unknown,47
2025-07-01,Registration at time of Transfer,ICE (Internal Combustion Engine),2109
2025-07-01,Registration at time of Transfer,Mild HEV (Hybrid Electric Vehicle),2
2025-07-01,Registration at time of Transfer,PHEV (Plug-in Hybrid Electric Vehicle),8
2025-07-01,Registration at time of Transfer,Strong HEV (Hybrid Electric Vehicle),42
2025-07-01,Registration Renewal,BEV (Battery Electric Vehicle),326
2025-07-01,Registration Renewal,HEV (Hybrid Electric Vehicle) - Level Unknown,412
2025-07-01,Registration Renewal,ICE (Internal Combustion Engine),14624
2025-07-01,Registration Renewal,Mild HEV (Hybrid Electric Vehicle),17
2025-07-01,Registration Renewal,PHEV (Plug-in Hybrid Electric Vehicle),106
2025-07-01,Registration Renewal,Strong HEV (Hybrid Electric Vehicle),396
2025-08-01,Original Registration,BEV (Battery Electric Vehicle),122
2025-08-01,Original Registration,HEV (Hybrid Electric Vehicle) - Level Unknown,124
2025-08-01,Original Registration,ICE (Internal Combustion Engine),941
2025-08-01,Original Registration,Mild HEV (Hybrid Electric Vehicle),5
2025-08-01,Original Registration,PHEV (Plug-in Hybrid Electric Vehicle),28
2025-08-01,Original Registration,Strong HEV (Hybrid Electric Vehicle),30
2025-08-01,Registration at time of Transfer,BEV (Battery Electric Vehicle),57
2025-08-01,Registration at time of Transfer,HEV (Hybrid Electric Vehicle) - Level Unknown,48
2025-08-01,Registration at time of Transfer,ICE (Internal Combustion Engine),2143
2025-08-01,Registration at time of Transfer,Mild HEV (Hybrid Electric Vehicle),4
2025-08-01,Registration at time of Transfer,PHEV (Plug-in Hybrid Electric Vehicle),12
2025-08-01,Registration at time of Transfer,Strong HEV (Hybrid Electric Vehicle),53
2025-08-01,Registration Renewal,BEV (Battery Electric Vehicle),322
2025-08-01,Registration Renewal,HEV (Hybrid Electric Vehicle) - Level Unknown,347
2025-08-01,Registration Renewal,ICE (Internal Combustion Engine),12140
2025-08-01,Registration Renewal,Mild HEV (Hybrid Electric Vehicle),8
2025-08-01,Registration Renewal,PHEV (Plug-in Hybrid Electric Vehicle),96
2025-08-01,Registration Renewal,Strong HEV (Hybrid Electric Vehicle),336
2025-09-01,Original Registration,BEV (Battery Electric Vehicle),118
2025-09-01,Original Registration,HEV (Hybrid Electric Vehicle) - Level Unknown,129
2025-09-01,Original Registration,ICE (Internal Combustion Engine),934
2025-09-01,Original Registration,Mild HEV (Hybrid Electric Vehicle),4
2025-09-01,Original Registration,PHEV (Plug-in Hybrid Electric Vehicle),25
2025-09-01,Original Registration,Strong HEV (Hybrid Electric Vehicle),42
2025-09-01,Registration at time of Transfer,BEV (Battery Electric Vehicle),43
2025-09-01,Registration at time of Transfer,HEV (Hybrid Electric Vehicle) - Level Unknown,51
2025-09-01,Registration at time of Transfer,ICE (Internal Combustion Engine),2130
2025-09-01,Registration at time of Transfer,Mild HEV (Hybrid Electric Vehicle),4
2025-09-01,Registration at time of Transfer,PHEV (Plug-in Hybrid Electric Vehicle),17
2025-09-01,Registration at time of Transfer,Strong HEV (Hybrid Electric Vehicle),52
2025-09-01,Registration Renewal,BEV (Battery Electric Vehicle),358
2025-09-01,Registration Renewal,HEV (Hybrid Electric Vehicle) - Level Unknown,343
2025-09-01,Registration Renewal,ICE (Internal Combustion Engine),12007
2025-09-01,Registration Renewal,Mild HEV (Hybrid Electric Vehicle),16
2025-09-01,Registration Renewal,PHEV (Plug-in Hybrid Electric Vehicle),105
2025-09-01,Registration Renewal,Strong HEV (Hybrid Electric Vehicle),346
2025-10-01,Original Registration,BEV (Battery Electric Vehicle),112
2025-10-01,Original Registration,HEV (Hybrid Electric Vehicle) - Level Unknown,101
2025-10-01,Original Registration,ICE (Internal Combustion Engine),853
2025-10-01,Original Registration,Mild HEV (Hybrid Electric Vehicle),5
2025-10-01,Original Registration,PHEV (Plug-in Hybrid Electric Vehicle),33
2025-10-01,Original Registration,Strong HEV (Hybrid Electric Vehicle),43
2025-10-01,Registration at time of Transfer,BEV (Battery Electric Vehicle),43
2025-10-01,Registration at time of Transfer,HEV (Hybrid Electric Vehicle) - Level Unknown,43
2025-10-01,Registration at time of Transfer,ICE (Internal Combustion Engine),1998
2025-10-01,Registration at time of Transfer,Mild HEV (Hybrid Electric Vehicle),8
2025-10-01,Registration at time of Transfer,PHEV (Plug-in Hybrid Electric Vehicle),15
2025-10-01,Registration at time of Transfer,Strong HEV (Hybrid Electric Vehicle),32
2025-10-01,Registration Renewal,BEV (Battery Electric Vehicle),320
2025-10-01,Registration Renewal,HEV (Hybrid Electric Vehicle) - Level Unknown,393
2025-10-01,Registration Renewal,ICE (Internal Combustion Engine),12055
2025-10-01,Registration Renewal,Mild HEV (Hybrid Electric Vehicle),35
2025-10-01,Registration Renewal,PHEV (Plug-in Hybrid Electric Vehicle),95
2025-10-01,Registration Renewal,Strong HEV (Hybrid Electric Vehicle),311
2025-11-01,Original Registration,BEV (Battery Electric Vehicle),66
2025-11-01,Original Registration,HEV (Hybrid Electric Vehicle) - Level Unknown,82
2025-11-01,Original Registration,ICE (Internal Combustion Engine),701
2025-11-01,Original Registration,Mild HEV (Hybrid Electric Vehicle),4
2025-11-01,Original Registration,PHEV (Plug-in Hybrid Electric Vehicle),22
2025-11-01,Original Registration,Strong HEV (Hybrid Electric Vehicle),38
2025-11-01,Registration at time of Transfer,BEV (Battery Electric Vehicle),35
2025-11-01,Registration at time of Transfer,HEV (Hybrid Electric Vehicle) - Level Unknown,42
2025-11-01,Registration at time of Transfer,ICE (Internal Combustion Engine),1626
2025-11-01,Registration at time of Transfer,Mild HEV (Hybrid Electric Vehicle),8
2025-11-01,Registration at time of Transfer,PHEV (Plug-in Hybrid Electric Vehicle),16
2025-11-01,Registration at time of Transfer,Strong HEV (Hybrid Electric Vehicle),35
2025-11-01,Registration Renewal,BEV (Battery Electric Vehicle),281
2025-11-01,Registration Renewal,HEV (Hybrid Electric Vehicle) - Level Unknown,350
2025-11-01,Registration Renewal,ICE (Internal Combustion Engine),10181
2025-11-01,Registration Renewal,Mild HEV (Hybrid Electric Vehicle),18
2025-11-01,Registration Renewal,PHEV (Plug-in Hybrid Electric Vehicle),87
2025-11-01,Registration Renewal,Strong HEV (Hybrid Electric Vehicle),283
